,YEAR,STATE,HONEY,ALLSKY_SFC_SW_DWN,ALLSKY_TOA_SW_DWN,PRECTOT,RH2M,T2M,WS10M,WS2M
0,2019,ALABAMA,42,15.77,30.31,3.38,74.03,18.09,1.92,0.27
1,2019,ARIZONA,46,19.19,30.15,1.59,49.11,10.83,3.29,1.46
2,2019,ARKANSAS,55,15.46,30.0,4.31,78.51,16.67,3.29,2.02
3,2019,CALIFORNIA,48,19.41,29.51,1.32,51.0,18.08,3.0,1.96
4,2019,COLORADO,46,16.79,28.47,1.22,48.26,8.44,3.65,2.45
5,2019,FLORIDA,45,17.24,31.98,3.74,76.3,23.63,3.31,2.19
6,2019,GEORGIA,33,16.27,30.16,3.03,71.83,18.47,2.01,0.43
7,2019,HAWAII,80,21.54,33.25,1.86,78.37,24.2,5.75,4.94
8,2019,IDAHO,32,15.16,26.97,1.15,57.55,7.15,3.31,2.1
9,2019,ILLINOIS,39,13.52,27.97,3.02,79.99,10.86,4.66,3.19
10,2019,INDIANA,55,13.07,27.86,2.92,79.9,10.84,4.53,3.08
11,2019,IOWA,55,13.44,27.61,2.73,82.34,8.66,4.67,3.19
12,2019,KANSAS,79,16.02,28.76,2.69,73.44,12.16,5.04,3.41
13,2019,KENTUCKY,41,14.7,29.03,3.93,78.51,13.74,3.01,1.54
14,2019,LOUISIANA,72,15.82,30.9,3.86,78.02,19.0,1.95,0.31
15,2019,MAINE,35,12.85,26.51,3.83,83.96,5.76,2.2,0.31
16,2019,MICHIGAN,50,12.71,27.24,2.86,80.18,8.17,4.76,3.25
17,2019,MINNESOTA,59,12.33,25.71,2.49,79.54,3.9,4.87,3.36
18,2019,MISSISSIPPI,80,15.83,30.31,5.02,78.16,17.84,2.16,0.62
19,2019,MISSOURI,43,14.17,28.61,3.24,78.67,12.87,2.5,0.74
20,2019,MONTANA,86,13.28,25.58,1.9,70.28,4.17,4.26,2.75
21,2019,NEBRASKA,52,15.1,27.74,2.35,69.12,8.5,5.14,3.56
22,2019,NEW JERSEY,28,14.61,28.33,3.35,81.33,12.84,4.94,3.65
23,2019,NEW YORK,58,12.71,27.32,3.49,83.94,6.81,2.36,0.33
24,2019,NORTH CAROLINA,42,16.12,29.69,3.17,76.34,17.14,3.32,1.97
25,2019,NORTH DAKOTA,65,12.56,25.24,1.97,72.41,4.24,5.03,3.52
26,2019,OHIO,67,13.4,27.97,2.87,79.0,10.9,3.66,2.09
27,2019,OREGON,32,15.88,26.89,1.07,62.5,7.55,3.64,2.37
28,2019,PENNSYLVANIA,50,12.9,27.97,2.94,80.22,9.42,2.18,0.24
29,2019,SOUTH CAROLINA,47,16.55,30.31,2.78,72.02,19.06,3.18,1.89
30,2019,SOUTH DAKOTA,72,12.68,26.53,2.3,74.36,6.22,4.93,3.44
31,2019,TENNESSEE,57,15.43,29.69,4.54,77.2,15.7,2.91,1.51
32,2019,TEXAS,60,17.43,31.06,1.56,64.01,18.97,4.44,3.02
33,2019,UTAH,29,17.28,28.47,0.82,47.92,8.52,3.48,2.31
34,2019,VERMONT,48,12.2,26.59,3.4,84.76,4.68,2.31,0.3
35,2019,VIRGINIA,39,15.36,28.92,2.68,72.76,14.64,1.75,0.14
36,2019,WASHINGTON,35,14.01,25.33,0.75,62.06,9.11,3.0,1.91
37,2019,WEST VIRGINIA,37,14.18,28.68,3.03,75.21,13.52,1.94,0.17
38,2019,WISCONSIN,47,12.47,26.5,3.2,84.53,4.63,4.63,3.12
39,2019,WYOMING,56,15.56,26.63,1.29,57.61,5.82,4.47,3.14
40,2018,ALABAMA,45,15.51,30.22,4.0,75.8,17.36,1.91,0.26
41,2018,ARIZONA,38,19.48,30.04,1.13,42.8,12.18,3.13,1.39
42,2018,ARKANSAS,50,15.68,29.96,4.53,76.69,16.61,3.35,2.08
43,2018,CALIFORNIA,41,19.8,29.42,0.93,45.7,18.73,2.97,1.95
44,2018,COLORADO,48,17.62,28.37,0.9,44.69,9.4,3.8,2.57
45,2018,FLORIDA,49,17.66,32.08,3.51,77.15,22.95,3.22,2.12
46,2018,GEORGIA,34,16.01,30.41,3.81,75.59,17.49,2.01,0.41
47,2018,HAWAII,103,19.93,33.41,3.23,81.46,23.81,6.13,5.24
48,2018,IDAHO,31,16.49,26.96,1.18,56.66,7.8,3.4,2.15
49,2018,ILLINOIS,41,13.92,27.98,2.94,75.57,11.22,4.51,3.08
50,2018,INDIANA,46,13.6,28.0,3.2,79.78,10.84,4.45,3.02
51,2018,IOWA,49,14.19,27.58,2.98,75.73,9.36,4.52,3.08
52,2018,KANSAS,73,16.63,28.72,2.55,64.46,13.12,5.05,3.45
53,2018,KENTUCKY,41,14.1,29.12,4.38,81.98,13.07,2.99,1.53
54,2018,LOUISIANA,83,15.79,30.85,4.41,75.99,19.22,1.96,0.3
55,2018,MAINE,32,13.32,26.63,3.49,82.49,6.38,2.17,0.31
56,2018,MICHIGAN,44,13.22,27.45,2.82,80.11,8.57,4.54,3.1
57,2018,MINNESOTA,61,13.05,25.76,2.03,75.96,4.85,4.77,3.3
58,2018,MISSISSIPPI,87,15.63,30.19,4.37,76.51,17.77,2.19,0.63
59,2018,MISSOURI,45,14.46,28.68,2.93,73.39,13.17,2.49,0.74
60,2018,MONTANA,92,13.75,25.75,1.88,68.99,5.21,4.29,2.78
61,2018,NEBRASKA,59,15.33,27.52,2.13,66.77,8.95,5.05,3.49
62,2018,NEW JERSEY,31,14.04,28.51,4.71,82.68,12.73,5.07,3.74
63,2018,NEW YORK,48,12.14,27.45,3.66,85.66,7.06,2.34,0.33
64,2018,NORTH CAROLINA,33,15.81,29.79,4.44,78.65,16.55,3.46,2.05
65,2018,NORTH DAKOTA,72,13.28,25.21,1.4,65.02,5.67,4.93,3.45
66,2018,OHIO,73,13.28,28.11,3.24,80.28,10.76,3.57,2.05
67,2018,OREGON,35,16.42,26.99,0.98,60.57,8.13,3.7,2.4
68,2018,PENNSYLVANIA,44,12.17,28.19,4.35,84.25,9.07,2.15,0.24
69,2018,SOUTH CAROLINA,48,16.26,30.43,3.56,75.12,18.19,3.28,1.95
70,2018,SOUTH DAKOTA,47,13.92,26.51,1.43,65.52,7.87,4.8,3.35
71,2018,TENNESSEE,46,14.6,29.7,4.33,80.02,15.02,2.97,1.54
72,2018,TEXAS,56,17.41,30.94,2.55,62.26,19.1,4.49,3.08
73,2018,UTAH,41,18.01,28.37,0.67,41.96,9.99,3.54,2.35
74,2018,VERMONT,48,12.17,26.56,3.19,85.62,5.25,2.24,0.28
75,2018,VIRGINIA,40,14.65,29.1,4.19,76.83,13.91,1.78,0.14
76,2018,WASHINGTON,43,15.18,25.52,0.94,62.18,9.93,3.04,1.91
77,2018,WEST VIRGINIA,37,13.49,28.86,3.89,79.22,12.79,1.88,0.15
78,2018,WISCONSIN,45,13.27,26.58,2.71,80.63,5.65,4.54,3.07
79,2018,WYOMING,56,16.34,26.85,0.94,53.35,6.98,4.5,3.16
80,2017,ALABAMA,45,15.83,30.44,1512.55,77.83,17.42,1.92,0.27
81,2017,ARIZONA,40,19.55,30.13,370.01,45.87,12.26,3.22,1.44
82,2017,ARKANSAS,68,16.01,30.24,1197.42,71.02,17.65,3.47,2.15
83,2017,CALIFORNIA,41,19.45,29.59,470.9,51.07,18.61,3.05,2.01
84,2017,COLORADO,43,17.38,28.46,451.44,47.48,9.55,3.88,2.62
85,2017,FLORIDA,43,17.79,32.24,1432.88,75.76,23.45,3.27,2.18
86,2017,GEORGIA,32,16.4,30.55,1232.07,74.21,17.92,2.0,0.42
87,2017,HAWAII,131,21.67,33.53,713.48,77.9,23.86,5.73,4.92
88,2017,IDAHO,44,15.52,27.08,630.06,60.69,7.38,3.16,1.99
89,2017,ILLINOIS,46,14.43,28.19,827.28,70.71,12.33,4.7,3.22
90,2017,INDIANA,52,14.25,28.19,1211.13,77.3,11.53,4.6,3.13
91,2017,IOWA,58,14.71,27.72,724.45,69.59,10.93,4.83,3.32
92,2017,KANSAS,79,16.63,28.81,700.43,62.36,14.05,5.2,3.56
93,2017,KENTUCKY,38,14.8,29.25,1174.48,75.89,13.82,3.14,1.62
94,2017,LOUISIANA,81,16.04,31.15,1412.27,77.48,19.46,2.01,0.3
95,2017,MAINE,33,12.89,26.64,1186.26,82.56,6.64,2.15,0.3
96,2017,MICHIGAN,45,13.53,27.45,978.95,77.34,9.24,4.79,3.27
97,2017,MINNESOTA,62,13.53,25.85,749.0,74.92,5.67,5.03,3.5
98,2017,MISSISSIPPI,86,15.93,30.55,1280.76,73.7,18.44,2.27,0.65
99,2017,MISSOURI,65,15.39,28.91,1047.87,69.12,14.21,2.55,0.75
100,2017,MONTANA,72,14.86,25.95,521.71,61.28,6.21,4.46,2.89
101,2017,NEBRASKA,63,16.03,27.72,644.58,58.18,10.61,5.17,3.6
102,2017,NEW JERSEY,28,14.46,28.55,1247.13,79.48,13.08,5.04,3.71
103,2017,NEW YORK,56,12.78,27.39,1196.85,82.79,7.41,2.4,0.35
104,2017,NORTH CAROLINA,41,16.66,29.92,1110.79,74.03,17.04,3.38,2.0
105,2017,NORTH DAKOTA,74,14.16,25.47,370.77,62.07,6.63,5.22,3.65
106,2017,OHIO,73,13.56,28.08,1031.58,75.74,11.44,3.75,2.16
107,2017,OREGON,40,15.76,27.04,454.91,64.58,7.74,3.94,2.56
108,2017,PENNSYLVANIA,46,12.96,28.19,1033.92,77.13,9.87,2.22,0.25
109,2017,SOUTH CAROLINA,34,17.16,30.55,1120.8,72.21,18.7,3.21,1.89
110,2017,SOUTH DAKOTA,57,14.92,26.61,406.96,60.21,9.0,4.99,3.48
111,2017,TENNESSEE,41,15.47,29.92,1459.09,77.12,15.54,3.02,1.57
112,2017,TEXAS,66,17.55,31.05,706.39,61.71,19.78,4.47,3.05
113,2017,UTAH,31,17.82,28.55,220.98,45.09,10.0,3.47,2.3
114,2017,VERMONT,54,11.94,26.71,1212.83,84.38,5.53,2.31,0.29
115,2017,VIRGINIA,35,15.55,29.25,963.22,70.68,14.59,1.86,0.14
116,2017,WASHINGTON,45,14.33,25.48,412.27,64.78,8.8,2.98,1.88
117,2017,WEST VIRGINIA,40,13.76,28.91,1030.51,73.05,13.43,1.98,0.17
118,2017,WISCONSIN,56,13.32,26.71,985.59,82.34,5.97,4.81,3.25
119,2017,WYOMING,53,16.48,27.08,388.39,54.11,7.15,4.55,3.19
120,2016,ALABAMA,52,16.68,30.51,1001.41,70.04,18.02,1.93,0.27
121,2016,ARIZONA,46,19.34,30.2,505.48,48.01,11.6,3.12,1.37
122,2016,ARKANSAS,69,16.11,30.2,1166.68,73.6,17.47,3.33,2.05
123,2016,CALIFORNIA,36,19.77,29.55,410.21,51.18,18.49,3.01,1.98
124,2016,COLORADO,40,17.46,28.51,384.73,46.63,9.42,3.8,2.54
125,2016,FLORIDA,50,17.84,32.2,1475.27,78.29,22.73,3.17,2.09
126,2016,GEORGIA,39,17.12,30.51,882.73,69.4,18.23,2.02,0.42
127,2016,HAWAII,113,21.49,33.78,841.94,79.11,23.81,6.07,5.2
128,2016,IDAHO,34,16.2,27.0,515.97,57.9,7.8,3.38,2.13
129,2016,ILLINOIS,48,14.5,28.14,937.34,78.53,12.06,4.48,3.05
130,2016,INDIANA,62,13.94,28.14,998.12,77.91,11.77,4.44,3.03
131,2016,IOWA,48,14.47,27.77,835.54,77.78,10.72,4.7,3.21
132,2016,KANSAS,48,16.97,28.86,857.22,65.96,14.21,5.05,3.43
133,2016,KENTUCKY,46,15.23,29.21,1138.35,75.81,13.79,3.03,1.55
134,2016,LOUISIANA,86,16.18,31.11,1464.47,76.8,19.57,1.89,0.3
135,2016,MAINE,34,13.52,26.66,1065.38,80.74,7.1,2.18,0.3
136,2016,MICHIGAN,60,13.38,27.4,936.66,77.38,9.69,4.68,3.19
137,2016,MINNESOTA,59,13.14,25.9,825.74,75.81,6.74,5.09,3.54
138,2016,MISSISSIPPI,85,16.51,30.51,1187.31,70.87,18.69,2.2,0.63
139,2016,MISSOURI,62,15.31,28.86,936.31,76.99,13.83,2.42,0.71
140,2016,MONTANA,77,14.75,25.9,517.34,61.47,6.84,4.64,3.02
141,2016,NEBRASKA,46,16.15,27.77,650.53,59.26,11.2,5.36,3.73
142,2016,NEW JERSEY,27,14.51,28.4,1088.85,78.75,13.16,5.02,3.71
143,2016,NEW YORK,57,13.7,27.4,995.63,79.03,7.88,2.39,0.36
144,2016,NORTH CAROLINA,37,16.54,29.88,1441.65,78.37,16.36,3.37,2.0
145,2016,NORTH DAKOTA,78,14.0,25.47,511.18,65.24,7.43,5.3,3.72
146,2016,OHIO,79,13.89,28.14,814.95,73.92,11.75,3.65,2.1
147,2016,OREGON,35,16.17,27.03,463.26,64.23,7.93,3.89,2.53
148,2016,PENNSYLVANIA,50,13.39,28.14,807.84,73.81,10.28,2.22,0.25
149,2016,SOUTH CAROLINA,45,17.06,30.44,1220.38,75.09,18.08,3.26,1.92
150,2016,SOUTH DAKOTA,71,15.03,26.66,552.83,63.82,9.78,5.23,3.66
151,2016,TENNESSEE,55,16.07,29.88,1149.12,73.2,15.84,2.97,1.54
152,2016,TEXAS,70,17.67,31.11,926.63,67.98,19.18,4.31,2.92
153,2016,UTAH,32,17.72,28.51,239.33,45.23,9.71,3.48,2.31
154,2016,VERMONT,52,12.9,26.66,1006.85,82.67,5.87,2.29,0.3
155,2016,VIRGINIA,38,15.37,29.21,1121.95,74.14,14.15,1.82,0.13
156,2016,WASHINGTON,35,14.84,25.5,409.87,63.98,10.04,3.04,1.92
157,2016,WEST VIRGINIA,32,14.31,28.86,1016.69,71.73,13.44,1.95,0.17
158,2016,WISCONSIN,62,13.31,26.6,1030.3,82.88,6.86,4.71,3.18
159,2016,WYOMING,68,16.46,26.96,360.19,50.66,7.69,4.72,3.31
160,2015,ALABAMA,47,15.34,30.54,1469.9,77.17,17.49,1.9,0.26
161,2015,ARIZONA,49,18.96,30.25,594.76,51.19,11.41,2.96,1.3
162,2015,ARKANSAS,72,15.59,30.28,1356.96,73.3,17.02,3.4,2.1
163,2015,CALIFORNIA,30,19.72,29.58,223.97,47.22,19.07,2.95,1.94
164,2015,COLORADO,51,16.69,28.52,581.38,52.34,9.06,3.55,2.36
165,2015,FLORIDA,54,17.71,32.25,1259.4,76.97,23.97,3.03,2.01
166,2015,GEORGIA,40,15.84,30.56,1510.79,77.13,17.69,1.94,0.4
167,2015,HAWAII,102,21.57,33.79,830.72,79.42,24.02,5.76,4.94
168,2015,IDAHO,32,16.27,27.06,459.38,55.46,8.85,3.15,1.98
169,2015,ILLINOIS,51,14.02,28.17,1142.5,76.57,11.35,4.63,3.15
170,2015,INDIANA,53,13.6,28.17,1128.61,78.03,10.83,4.47,3.03
171,2015,IOWA,50,14.27,27.82,1093.85,76.02,10.08,4.65,3.16
172,2015,KANSAS,36,16.66,28.91,851.69,63.45,13.94,5.0,3.4
173,2015,KENTUCKY,46,14.51,29.24,1384.97,78.8,13.19,2.99,1.54
174,2015,LOUISIANA,99,15.92,31.13,1629.96,77.46,19.24,1.91,0.29
175,2015,MAINE,47,13.42,26.72,1152.88,83.11,5.91,2.16,0.3
176,2015,MICHIGAN,58,13.16,27.47,836.82,76.26,8.54,4.73,3.21
177,2015,MINNESOTA,68,14.04,25.95,700.67,70.69,6.59,5.21,3.63
178,2015,MISSISSIPPI,83,15.48,30.56,1345.97,75.42,18.04,2.21,0.63
179,2015,MISSOURI,52,14.67,28.9,1366.55,76.11,13.27,2.45,0.71
180,2015,MONTANA,83,14.47,25.98,532.48,62.47,6.92,4.37,2.83
181,2015,NEBRASKA,48,16.01,27.85,619.94,59.69,10.88,5.18,3.6
182,2015,NEW JERSEY,27,14.86,28.53,1227.1,80.73,12.68,4.95,3.65
183,2015,NEW YORK,62,13.43,27.43,1041.85,80.88,6.96,2.37,0.34
184,2015,NORTH CAROLINA,45,15.74,29.91,1426.78,77.85,16.63,3.27,1.93
185,2015,NORTH DAKOTA,74,14.44,25.57,441.2,64.35,6.99,5.16,3.61
186,2015,OHIO,50,13.39,28.19,915.34,74.56,10.85,3.62,2.07
187,2015,OREGON,38,16.53,27.04,400.64,60.89,9.04,3.53,2.28
188,2015,PENNSYLVANIA,53,13.06,28.23,975.13,76.35,9.49,2.16,0.25
189,2015,SOUTH CAROLINA,67,15.93,30.56,1484.63,76.64,18.32,3.16,1.88
190,2015,SOUTH DAKOTA,66,14.9,26.75,553.94,63.18,9.22,5.06,3.52
191,2015,TENNESSEE,59,14.93,29.93,1391.98,78.72,15.05,2.94,1.52
192,2015,TEXAS,66,16.94,31.18,977.59,65.03,19.09,4.37,2.98
193,2015,UTAH,42,17.57,28.56,318.2,46.49,9.94,3.27,2.16
194,2015,VERMONT,52,12.85,26.68,1055.42,83.8,4.91,2.26,0.29
195,2015,VIRGINIA,37,15.13,29.23,1236.15,74.81,13.88,1.8,0.14
196,2015,WASHINGTON,44,15.36,25.57,328.02,59.15,11.08,2.96,1.86
197,2015,WEST VIRGINIA,35,13.92,28.91,1074.72,74.27,12.98,1.92,0.17
198,2015,WISCONSIN,67,13.78,26.69,932.56,79.67,6.17,4.82,3.25
199,2015,WYOMING,77,16.31,27.07,349.34,53.05,7.76,4.3,3.01
200,2014,ALABAMA,53,16.25,30.56,1354.88,76.17,16.0,1.91,0.27
201,2014,ARIZONA,39,19.6,30.19,375.18,44.04,11.91,3.12,1.38
202,2014,ARKANSAS,65,15.67,30.25,1026.39,73.83,15.41,3.53,2.19
203,2014,CALIFORNIA,39,19.84,29.64,275.89,44.27,19.61,3.03,2.0
204,2014,COLORADO,37,16.74,28.55,473.61,49.76,8.5,3.85,2.6
205,2014,FLORIDA,60,17.63,32.26,1206.89,75.26,22.64,2.99,1.97
206,2014,GEORGIA,62,16.45,30.56,1138.14,74.57,16.36,1.99,0.42
207,2014,HAWAII,93,21.3,33.83,1225.42,78.92,23.84,5.57,4.79
208,2014,IDAHO,34,16.69,27.08,570.32,57.05,8.03,3.4,2.16
209,2014,ILLINOIS,49,13.74,28.18,1006.74,76.48,9.45,4.72,3.23
210,2014,INDIANA,62,13.53,28.17,1034.61,78.02,9.12,4.58,3.12
211,2014,IOWA,43,13.89,27.79,1017.55,75.08,8.16,4.92,3.38
212,2014,KANSAS,75,16.68,28.9,646.49,59.06,12.89,5.36,3.67
213,2014,KENTUCKY,47,14.65,29.27,1162.06,77.97,11.73,3.1,1.59
214,2014,LOUISIANA,84,16.21,31.17,1254.54,76.63,17.65,1.97,0.3
215,2014,MAINE,47,13.03,26.69,1358.62,84.2,5.98,2.18,0.3
216,2014,MICHIGAN,63,13.12,27.46,866.05,78.09,6.92,4.76,3.25
217,2014,MINNESOTA,60,13.07,25.94,814.82,77.85,3.31,5.22,3.63
218,2014,MISSISSIPPI,112,16.36,30.57,1375.87,76.32,16.3,2.23,0.64
219,2014,MISSOURI,47,14.8,28.89,924.72,71.43,12.04,2.58,0.76
220,2014,MONTANA,88,14.24,25.91,611.1,65.57,5.36,4.65,3.03
221,2014,NEBRASKA,75,16.1,27.81,555.5,58.19,9.4,5.51,3.86
222,2014,NEW JERSEY,30,14.39,28.55,1357.47,80.51,11.73,4.95,3.66
223,2014,NEW YORK,55,13.07,27.47,1126.71,82.23,6.12,2.42,0.33
224,2014,NORTH CAROLINA,43,15.68,29.95,1259.93,76.86,15.24,3.33,1.97
225,2014,NORTH DAKOTA,86,13.57,25.54,485.17,69.68,4.26,5.38,3.77
226,2014,OHIO,61,13.44,28.21,858.0,75.25,9.39,3.76,2.16
227,2014,OREGON,40,16.59,27.1,603.02,62.04,8.69,3.86,2.51
228,2014,PENNSYLVANIA,46,12.85,28.22,954.79,77.14,8.09,2.25,0.24
229,2014,SOUTH CAROLINA,54,16.25,30.53,1175.45,74.11,16.93,3.19,1.89
230,2014,SOUTH DAKOTA,87,14.45,26.71,491.54,65.17,7.11,5.28,3.69
231,2014,TENNESSEE,63,15.47,29.91,1322.81,77.35,13.73,3.03,1.58
232,2014,TEXAS,78,17.62,31.15,609.19,59.74,18.49,4.69,3.22
233,2014,UTAH,28,17.93,28.56,262.82,44.2,9.8,3.6,2.39
234,2014,VERMONT,58,12.06,26.72,1090.73,85.15,4.58,2.28,0.28
235,2014,VIRGINIA,38,14.89,29.23,1048.05,74.1,12.66,1.82,0.13
236,2014,WASHINGTON,44,14.99,25.55,370.99,60.75,9.96,3.21,2.04
237,2014,WEST VIRGINIA,31,13.88,28.92,956.85,74.21,11.56,2.01,0.16
238,2014,WISCONSIN,54,12.76,26.73,1006.54,82.64,3.71,4.87,3.29
239,2014,WYOMING,61,15.81,27.05,306.46,53.92,6.62,4.7,3.31
240,2013,ALABAMA,52,15.2,30.56,1658.0,78.94,16.12,1.93,0.26
241,2013,ARIZONA,36,19.36,30.25,479.06,46.17,10.64,3.19,1.38
242,2013,ARKANSAS,60,15.88,30.27,1150.02,72.12,16.17,3.46,2.16
243,2013,CALIFORNIA,33,20.47,29.65,91.17,43.41,18.2,3.07,2.04
244,2013,COLORADO,43,17.13,28.57,477.09,47.8,8.21,3.73,2.51
245,2013,FLORIDA,61,17.42,32.22,1193.13,75.13,23.02,3.18,2.11
246,2013,GEORGIA,50,15.63,30.6,1525.77,78.55,16.29,2.03,0.41
247,2013,HAWAII,83,21.79,33.8,744.71,77.56,23.55,5.84,5.01
248,2013,IDAHO,32,17.11,27.1,242.17,53.02,7.63,3.35,2.14
249,2013,ILLINOIS,48,14.08,28.19,985.64,75.68,10.4,4.65,3.18
250,2013,INDIANA,47,13.67,28.18,1072.38,77.85,10.14,4.55,3.1
251,2013,IOWA,48,14.37,27.81,828.69,72.44,8.91,4.86,3.33
252,2013,KANSAS,46,16.5,28.92,807.55,61.35,12.74,5.31,3.62
253,2013,KENTUCKY,41,14.32,29.27,1386.92,80.79,11.97,3.0,1.53
254,2013,LOUISIANA,98,16.53,31.14,1344.89,74.69,18.49,1.99,0.32
255,2013,MAINE,43,13.16,26.67,1171.08,82.4,6.33,2.18,0.31
256,2013,MICHIGAN,55,13.12,27.45,956.23,78.22,8.0,4.77,3.27
257,2013,MINNESOTA,58,12.54,25.94,728.74,75.77,4.13,4.93,3.42
258,2013,MISSISSIPPI,116,15.65,30.57,1474.4,76.08,16.87,2.21,0.64
259,2013,MISSOURI,47,14.62,28.91,1141.66,75.46,11.85,2.49,0.74
260,2013,MONTANA,94,14.85,25.96,535.28,62.14,5.87,4.64,3.04
261,2013,NEBRASKA,60,16.18,27.8,553.39,58.36,9.82,5.29,3.69
262,2013,NEW JERSEY,44,14.29,28.53,1156.44,80.94,12.2,5.08,3.76
263,2013,NEW YORK,48,12.83,27.43,1173.52,82.33,6.78,2.37,0.34
264,2013,NORTH CAROLINA,38,15.44,29.92,1227.55,77.36,15.39,3.41,2.02
265,2013,NORTH DAKOTA,69,12.75,25.58,649.26,69.44,4.67,4.94,3.46
266,2013,OHIO,45,13.17,28.2,946.38,77.69,10.05,3.67,2.1
267,2013,OREGON,35,16.57,27.04,303.39,61.08,7.54,3.55,2.31
268,2013,PENNSYLVANIA,45,12.8,28.22,883.74,77.13,8.86,2.21,0.24
269,2013,SOUTH DAKOTA,56,13.85,26.72,649.71,65.46,7.44,4.96,3.48
270,2013,TENNESSEE,45,14.68,29.95,1487.2,79.67,13.86,2.94,1.52
271,2013,TEXAS,59,17.96,31.13,771.83,60.37,18.55,4.55,3.11
272,2013,UTAH,34,17.59,28.55,335.51,47.93,8.3,3.41,2.27
273,2013,VERMONT,51,12.28,26.72,1173.85,83.26,5.14,2.23,0.29
274,2013,VIRGINIA,35,14.74,29.23,1281.12,76.31,12.78,1.82,0.14
275,2013,WASHINGTON,39,14.76,25.56,268.14,62.47,9.38,2.91,1.83
276,2013,WEST VIRGINIA,46,13.55,28.92,1057.34,75.78,11.86,1.94,0.16
277,2013,WISCONSIN,60,13.08,26.73,945.23,80.92,4.72,4.77,3.23
278,2013,WYOMING,66,16.0,27.08,340.34,51.96,6.63,4.48,3.15
279,2012,ALABAMA,54,16.6,30.63,1201.83,73.5,17.84,1.89,0.27
280,2012,ARIZONA,46,19.28,30.32,343.88,41.4,11.99,3.07,1.37
281,2012,ARKANSAS,63,17.01,30.3,961.94,71.01,17.95,3.55,2.19
282,2012,CALIFORNIA,35,19.32,29.63,376.46,46.14,18.13,3.08,2.04
283,2012,COLORADO,48,17.69,28.6,307.02,41.42,10.18,3.92,2.63
284,2012,FLORIDA,64,17.63,32.32,1113.59,73.12,23.02,3.24,2.16
285,2012,GEORGIA,51,16.74,30.66,900.62,70.76,18.22,2.0,0.42
286,2012,HAWAII,75,22.1,33.86,702.02,78.33,22.96,6.84,5.82
287,2012,IDAHO,32,16.5,27.12,496.02,54.08,8.19,3.45,2.18
288,2012,ILLINOIS,61,15.64,28.22,716.49,68.11,13.25,4.69,3.21
289,2012,INDIANA,59,15.76,28.23,883.73,73.97,12.33,4.51,3.06
290,2012,IOWA,61,15.92,27.9,604.39,64.21,12.2,4.79,3.28
291,2012,KANSAS,55,17.45,29.0,465.92,53.97,15.42,5.13,3.48
292,2012,KENTUCKY,51,15.59,29.34,1090.14,74.17,14.24,2.98,1.53
293,2012,LOUISIANA,86,17.05,31.21,1439.76,75.83,19.66,1.98,0.31
294,2012,MAINE,34,13.62,26.73,1229.43,83.02,7.41,2.06,0.29
295,2012,MICHIGAN,57,14.93,27.53,741.69,74.1,10.34,4.65,3.17
296,2012,MINNESOTA,67,13.77,25.96,781.17,68.91,7.47,4.9,3.4
297,2012,MISSISSIPPI,118,16.77,30.62,1370.8,74.65,18.27,2.23,0.65
298,2012,MISSOURI,53,16.14,28.97,800.75,67.11,14.99,2.55,0.75
299,2012,MONTANA,52,14.95,25.98,439.49,59.55,6.83,4.58,2.97
300,2012,NEBRASKA,65,16.95,27.85,288.22,48.98,12.59,5.35,3.72
301,2012,NEW JERSEY,33,15.71,28.6,1105.22,78.72,13.83,4.81,3.56
302,2012,NEW MEXICO,52,19.75,30.31,195.23,37.35,12.6,4.02,2.73
303,2012,NEW YORK,51,14.01,27.51,993.81,81.29,8.42,2.29,0.34
304,2012,NORTH CAROLINA,39,16.36,29.99,1098.73,73.99,16.75,3.27,1.94
305,2012,NORTH DAKOTA,69,13.92,25.58,409.24,61.86,7.85,5.14,3.59
306,2012,OHIO,60,15.08,28.25,898.37,75.36,11.78,3.58,2.04
307,2012,OREGON,32,15.92,27.15,541.25,61.36,7.77,3.95,2.57
308,2012,PENNSYLVANIA,60,14.27,28.25,1036.24,77.06,10.52,2.11,0.25
309,2012,SOUTH DAKOTA,63,15.31,26.79,399.39,58.17,10.35,5.0,3.47
310,2012,TENNESSEE,61,16.35,29.97,1211.85,74.86,15.91,2.96,1.53
311,2012,TEXAS,52,18.23,31.19,677.79,59.1,19.89,4.56,3.11
312,2012,UTAH,38,17.88,28.59,230.35,41.19,10.09,3.55,2.35
313,2012,VERMONT,60,13.63,26.74,1010.02,83.87,6.42,2.16,0.28
314,2012,VIRGINIA,41,15.78,29.31,901.61,72.51,14.56,1.76,0.14
315,2012,WASHINGTON,41,14.24,25.59,422.04,62.56,9.59,3.06,1.93
316,2012,WEST VIRGINIA,48,14.84,28.99,1102.47,74.35,13.4,1.86,0.18
317,2012,WISCONSIN,69,14.56,26.76,725.9,74.58,8.01,4.63,3.13
318,2012,WYOMING,51,17.02,27.11,175.66,45.52,8.47,4.69,3.3
319,2011,ALABAMA,50,16.61,30.67,1263.99,72.95,17.17,2.0,0.28
320,2011,ARIZONA,53,19.38,30.39,394.71,44.8,10.67,3.34,1.46
321,2011,ARKANSAS,64,16.43,30.36,1432.07,70.92,17.14,3.55,2.2
322,2011,CALIFORNIA,48,19.03,29.71,371.92,53.7,16.57,2.96,1.95
323,2011,COLORADO,55,17.47,28.65,426.8,44.99,8.71,4.04,2.73
324,2011,FLORIDA,61,18.11,32.32,1097.45,72.04,23.33,3.13,2.08
325,2011,GEORGIA,43,17.48,30.69,910.66,69.18,17.88,2.09,0.44
326,2011,HAWAII,74,21.62,33.89,618.93,77.52,23.32,6.62,5.66
327,2011,IDAHO,36,15.92,27.13,401.63,58.64,6.46,3.32,2.1
328,2011,ILLINOIS,50,14.33,28.28,948.54,76.09,11.46,4.64,3.17
329,2011,INDIANA,51,14.19,28.26,1356.09,79.95,10.99,4.57,3.11
330,2011,IOWA,62,14.52,27.89,800.63,74.94,9.77,4.74,3.23
331,2011,KANSAS,44,16.88,29.01,519.53,54.94,14.13,5.24,3.57
332,2011,KENTUCKY,39,14.46,29.34,1557.43,79.68,13.1,3.15,1.62
333,2011,LOUISIANA,77,17.6,31.24,959.2,66.39,19.87,2.15,0.33
334,2011,MAINE,30,13.03,26.78,1219.43,85.42,6.78,2.18,0.31
335,2011,MICHIGAN,64,13.48,27.5,1124.43,80.57,8.41,4.72,3.2
336,2011,MINNESOTA,53,13.69,26.03,658.87,75.36,5.43,4.96,3.44
337,2011,MISSISSIPPI,115,16.71,30.67,1344.88,71.81,17.85,2.32,0.68
338,2011,MISSOURI,43,14.97,29.01,1196.1,74.68,13.17,2.51,0.73
339,2011,MONTANA,92,14.52,26.01,667.81,66.74,4.96,4.75,3.1
340,2011,NEBRASKA,59,15.89,27.93,589.19,60.44,9.73,5.34,3.71
341,2011,NEW JERSEY,41,15.76,28.68,1357.06,80.63,13.12,4.86,3.59
342,2011,NEW MEXICO,56,19.6,30.33,206.57,38.8,11.79,4.24,2.9
343,2011,NEW YORK,56,13.18,27.53,1536.22,86.11,7.47,2.29,0.32
344,2011,NORTH CAROLINA,62,16.75,30.02,1007.65,72.75,16.67,3.41,2.03
345,2011,NORTH DAKOTA,71,12.97,25.64,653.48,72.38,5.42,5.14,3.58
346,2011,OHIO,66,13.64,28.28,1312.22,80.79,10.69,3.65,2.08
347,2011,OREGON,34,15.58,27.17,380.32,63.84,6.67,3.76,2.44
348,2011,PENNSYLVANIA,44,13.28,28.29,1383.82,82.65,9.47,2.12,0.25
349,2011,SOUTH DAKOTA,66,14.21,26.81,678.69,69.43,7.58,5.04,3.49
350,2011,TENNESSEE,44,15.33,30.03,1512.57,76.64,15.06,3.11,1.62
351,2011,TEXAS,58,18.94,31.22,431.45,51.21,20.32,4.89,3.36
352,2011,UTAH,39,17.57,28.66,317.12,49.69,7.9,3.69,2.44
353,2011,VERMONT,43,12.63,26.8,1377.02,86.4,5.66,2.21,0.28
354,2011,VIRGINIA,40,15.66,29.35,1241.04,74.52,14.1,1.81,0.14
355,2011,WASHINGTON,38,14.21,25.64,305.6,62.46,8.48,3.04,1.91
356,2011,WEST VIRGINIA,53,13.84,29.02,1367.31,78.56,12.59,1.93,0.16
357,2011,WISCONSIN,63,13.32,26.75,858.03,81.98,5.81,4.54,3.05
358,2011,WYOMING,54,15.92,27.14,365.09,53.88,6.19,4.71,3.32
359,2010,ALABAMA,54,17.0,30.61,1252.65,72.81,16.39,1.94,0.28
360,2010,ARIZONA,77,18.73,30.36,606.98,49.99,10.57,3.28,1.45
361,2010,ARKANSAS,60,17.25,30.3,992.18,70.38,16.76,3.41,2.11
362,2010,CALIFORNIA,67,18.63,29.72,590.8,55.01,16.82,3.04,2.01
363,2010,COLORADO,56,17.85,28.62,368.6,47.15,8.88,3.9,2.63
364,2010,FLORIDA,69,18.17,32.28,1151.3,72.37,21.44,3.35,2.23
365,2010,GEORGIA,46,17.43,30.66,1145.45,73.16,16.44,2.01,0.42
366,2010,HAWAII,77,22.4,33.95,390.18,75.81,23.32,6.48,5.56
367,2010,IDAHO,27,15.55,27.17,519.83,59.39,6.53,3.47,2.22
368,2010,ILLINOIS,41,14.79,28.3,1066.16,80.04,11.15,4.42,3.0
369,2010,INDIANA,43,14.89,28.27,1003.29,76.61,11.08,4.36,2.95
370,2010,IOWA,49,14.47,27.89,1257.68,82.11,9.13,4.57,3.1
371,2010,KANSAS,52,16.83,29.0,716.21,64.1,13.44,5.1,3.48
372,2010,KENTUCKY,67,15.32,29.34,1140.09,75.63,12.75,2.94,1.51
373,2010,LOUISIANA,80,17.35,31.25,861.32,70.07,18.85,1.99,0.31
374,2010,MAINE,41,13.39,26.77,1316.32,81.62,7.66,2.31,0.32
375,2010,MICHIGAN,58,14.06,27.54,785.7,75.93,9.27,4.64,3.15
376,2010,MINNESOTA,66,13.76,26.05,839.51,76.95,5.76,4.86,3.34
377,2010,MISSISSIPPI,98,17.18,30.69,1095.55,70.59,17.32,2.21,0.64
378,2010,MISSOURI,52,15.45,29.0,1228.36,78.0,12.81,2.41,0.71
379,2010,MONTANA,74,14.63,26.04,727.93,67.97,4.84,4.22,2.71
380,2010,NEBRASKA,55,16.22,27.89,752.2,64.73,9.8,5.15,3.57
381,2010,NEW JERSEY,35,16.13,28.67,1091.62,79.79,12.69,5.19,3.83
382,2010,NEW MEXICO,66,19.45,30.31,348.79,45.27,11.44,4.09,2.78
383,2010,NEW YORK,64,13.57,27.53,1188.67,82.01,7.53,2.41,0.33
384,2010,NORTH CAROLINA,46,16.99,30.0,1172.36,74.34,15.64,3.32,1.96
385,2010,NORTH DAKOTA,91,13.33,25.64,683.76,72.79,5.44,4.92,3.41
386,2010,OHIO,62,14.43,28.3,843.39,73.74,10.84,3.53,2.01
387,2010,OREGON,39,15.1,27.16,484.23,63.5,7.13,3.91,2.55
388,2010,PENNSYLVANIA,37,14.09,28.27,1014.76,76.07,9.45,2.3,0.25
389,2010,SOUTH DAKOTA,58,14.33,26.77,668.88,69.73,7.91,4.94,3.44
390,2010,TENNESSEE,63,16.22,30.0,1296.44,74.34,14.45,2.89,1.49
391,2010,TEXAS,72,17.86,31.22,708.87,62.21,18.36,4.65,3.17
392,2010,UTAH,30,17.08,28.62,385.3,48.61,8.41,3.62,2.41
393,2010,VERMONT,65,12.73,26.79,1222.0,84.45,5.94,2.28,0.28
394,2010,VIRGINIA,37,16.37,29.36,992.2,72.69,13.54,1.86,0.14
395,2010,WASHINGTON,37,14.2,25.64,391.44,63.62,9.11,3.04,1.92
396,2010,WEST VIRGINIA,40,14.79,28.98,1156.15,75.12,11.98,1.87,0.19
397,2010,WISCONSIN,64,13.88,26.78,1047.07,79.98,6.92,4.61,3.1
398,2010,WYOMING,36,16.12,27.14,352.95,55.28,6.3,4.44,3.1
399,2009,ALABAMA,50,15.38,30.64,1857.95,81.26,16.09,2.0,0.27
400,2009,ARIZONA,52,18.88,30.38,307.08,44.3,10.87,3.23,1.42
401,2009,ARKANSAS,57,15.63,30.31,2021.47,81.47,15.31,3.52,2.17
402,2009,CALIFORNIA,33,19.22,29.7,344.37,49.04,17.66,3.06,2.03
403,2009,COLORADO,53,17.07,28.66,509.6,48.84,8.03,3.97,2.68
404,2009,FLORIDA,68,17.86,32.35,1220.68,74.37,22.72,3.08,2.04
405,2009,GEORGIA,41,15.83,30.63,1632.58,78.72,16.52,2.07,0.42
406,2009,HAWAII,95,21.73,33.87,594.83,77.3,23.39,6.3,5.4
407,2009,IDAHO,46,15.96,27.17,487.18,58.5,6.62,3.27,2.07
408,2009,ILLINOIS,34,14.06,28.3,1332.76,81.39,10.11,4.64,3.18
409,2009,INDIANA,32,14.12,28.29,1155.24,79.64,10.12,4.5,3.07
410,2009,IOWA,42,14.24,27.89,1047.29,79.24,8.43,4.69,3.2
411,2009,KANSAS,63,16.16,28.99,768.2,66.04,12.3,5.14,3.5
412,2009,KENTUCKY,35,14.31,29.35,1393.32,81.46,12.21,3.08,1.58
413,2009,LOUISIANA,103,16.26,31.26,1498.29,77.14,18.5,1.99,0.3
414,2009,MAINE,50,13.16,26.82,1338.99,84.92,5.73,2.15,0.3
415,2009,MICHIGAN,60,13.95,27.55,923.31,79.09,7.78,4.65,3.16
416,2009,MINNESOTA,65,13.63,26.03,718.34,75.28,4.52,4.92,3.42
417,2009,MISSISSIPPI,104,15.9,30.66,1813.6,80.26,16.65,2.26,0.65
418,2009,MISSOURI,47,14.67,28.99,1401.93,78.43,12.05,2.54,0.76
419,2009,MONTANA,70,14.8,26.03,584.42,63.88,4.71,4.5,2.93
420,2009,NEBRASKA,56,15.54,27.89,692.43,64.72,8.7,5.18,3.6
421,2009,NEW JERSEY,32,14.81,28.66,1408.46,81.85,12.1,5.07,3.75
422,2009,NEW MEXICO,60,19.02,30.32,278.37,42.58,11.33,4.1,2.79
423,2009,NEW YORK,65,13.43,27.55,1156.3,83.38,6.51,2.32,0.33
424,2009,NORTH CAROLINA,45,15.72,30.0,1190.45,75.91,15.86,3.39,2.02
425,2009,NORTH DAKOTA,77,13.29,25.65,563.13,71.68,4.23,4.97,3.46
426,2009,OHIO,50,14.23,28.3,872.45,76.47,9.98,3.68,2.11
427,2009,OREGON,34,16.03,27.18,377.35,59.63,7.49,3.79,2.47
428,2009,PENNSYLVANIA,40,13.32,28.29,989.76,79.06,8.56,2.18,0.25
429,2009,SOUTH DAKOTA,66,14.72,26.76,596.35,67.73,6.89,4.9,3.42
430,2009,TENNESSEE,51,14.88,30.0,1456.92,80.87,14.06,3.11,1.62
431,2009,TEXAS,63,17.62,31.25,877.54,59.7,18.88,4.6,3.14
432,2009,UTAH,38,17.43,28.67,285.77,45.42,8.47,3.64,2.41
433,2009,VERMONT,49,12.94,26.77,1128.42,84.85,4.67,2.22,0.28
434,2009,VIRGINIA,39,15.07,29.38,1258.17,74.59,13.2,1.84,0.13
435,2009,WASHINGTON,44,14.73,25.66,256.85,59.08,8.92,3.11,1.98
436,2009,WEST VIRGINIA,37,13.97,29.02,1248.72,79.2,11.67,1.94,0.17
437,2009,WISCONSIN,60,14.05,26.78,788.09,76.75,5.34,4.67,3.16
438,2009,WYOMING,48,15.92,27.14,380.79,54.94,5.71,4.42,3.1
439,2008,ALABAMA,66,16.6,30.61,1368.58,73.67,16.47,2.02,0.28
440,2008,ARIZONA,64,19.32,30.28,533.34,47.16,10.49,3.23,1.43
441,2008,ARKANSAS,75,16.08,30.27,1467.75,76.32,15.83,3.7,2.3
442,2008,CALIFORNIA,51,19.46,29.66,297.33,47.68,17.78,3.21,2.13
443,2008,COLORADO,45,17.38,28.61,353.73,44.91,8.39,4.11,2.79
444,2008,FLORIDA,79,17.39,32.3,1299.56,74.94,22.52,3.38,2.25
445,2008,GEORGIA,71,16.84,30.64,1095.24,71.27,16.9,2.14,0.44
446,2008,HAWAII,90,21.84,33.86,530.05,76.61,23.45,6.31,5.42
447,2008,IDAHO,40,16.45,27.13,411.96,55.42,6.58,3.55,2.25
448,2008,ILLINOIS,56,14.53,28.22,1307.87,79.54,9.91,4.88,3.35
449,2008,INDIANA,67,14.47,28.22,1250.85,79.54,9.82,4.75,3.24
450,2008,IOWA,62,14.37,27.83,1178.04,80.25,8.04,4.79,3.27
451,2008,KANSAS,61,16.45,28.99,875.09,66.23,12.28,5.39,3.68
452,2008,KENTUCKY,39,14.91,29.28,1164.32,73.76,12.63,3.24,1.67
453,2008,LOUISIANA,77,16.68,31.25,1389.14,74.69,18.61,2.14,0.33
454,2008,MAINE,42,13.31,26.74,1444.7,84.81,6.14,2.11,0.3
455,2008,MICHIGAN,73,13.93,27.49,986.09,77.85,8.04,4.87,3.32
456,2008,MINNESOTA,78,13.78,26.0,684.79,73.33,4.33,5.19,3.6
457,2008,MISSISSIPPI,98,16.29,30.64,1538.89,75.14,16.94,2.32,0.68
458,2008,MISSOURI,53,14.95,28.97,1543.73,78.85,11.76,2.61,0.78
459,2008,MONTANA,70,14.77,25.99,581.46,63.06,4.87,4.73,3.08
460,2008,NEBRASKA,67,16.38,27.87,745.51,61.01,9.07,5.42,3.77
461,2008,NEVADA,29,19.25,29.67,144.33,30.41,16.81,3.5,2.44
462,2008,NEW JERSEY,40,15.76,28.61,1219.97,78.44,12.74,4.99,3.68
463,2008,NEW MEXICO,48,19.55,30.32,344.47,43.54,10.92,4.25,2.9
464,2008,NEW YORK,70,13.6,27.49,1310.98,83.86,6.75,2.31,0.34
465,2008,NORTH CAROLINA,52,16.44,29.97,1283.97,75.31,15.91,3.47,2.06
466,2008,NORTH DAKOTA,90,14.55,25.59,603.95,64.41,5.03,5.35,3.74
467,2008,OHIO,53,14.09,28.24,1056.1,76.83,9.84,3.85,2.21
468,2008,OREGON,43,15.91,27.17,370.28,60.83,7.12,3.82,2.48
469,2008,PENNSYLVANIA,48,13.78,28.23,1110.83,78.28,8.66,2.2,0.25
470,2008,SOUTH DAKOTA,95,14.95,26.75,626.23,64.84,7.31,5.12,3.57
471,2008,TENNESSEE,61,15.71,29.99,1204.53,72.69,14.47,3.19,1.67
472,2008,TEXAS,64,18.5,31.22,530.62,56.36,19.1,4.79,3.27
473,2008,UTAH,48,17.81,28.6,280.88,45.67,8.09,3.65,2.42
474,2008,VERMONT,66,12.63,26.76,1338.92,85.84,4.99,2.19,0.29
475,2008,VIRGINIA,42,15.77,29.31,1050.7,70.61,13.66,1.89,0.14
476,2008,WASHINGTON,44,14.29,25.59,247.53,59.94,8.68,3.05,1.93
477,2008,WEST VIRGINIA,43,14.33,28.96,1127.97,72.93,12.05,2.01,0.18
478,2008,WISCONSIN,80,13.79,26.72,792.8,79.21,4.72,4.7,3.17
479,2008,WYOMING,61,16.43,27.09,395.48,53.66,5.76,4.7,3.3
480,2007,ALABAMA,56,16.57,30.66,743.42,65.95,17.9,1.96,0.26
481,2007,ARIZONA,64,18.68,30.35,463.91,44.45,11.46,3.13,1.38
482,2007,ARKANSAS,80,15.63,30.35,1222.74,74.17,17.02,3.31,2.03
483,2007,CALIFORNIA,40,20.36,29.7,188.62,45.84,17.65,3.11,2.07
484,2007,COLORADO,51,16.44,28.68,447.86,49.1,8.95,3.91,2.63
485,2007,FLORIDA,71,17.78,32.38,984.35,71.48,23.38,3.38,2.27
486,2007,GEORGIA,58,16.44,30.66,927.45,67.32,17.84,2.03,0.42
487,2007,HAWAII,92,22.19,33.99,266.94,76.29,23.69,7.02,6.0
488,2007,IDAHO,41,15.96,27.22,333.8,52.59,8.15,3.28,2.08
489,2007,ILLINOIS,63,14.6,28.32,928.65,74.14,11.73,4.7,3.2
490,2007,INDIANA,53,14.42,28.32,1102.97,76.7,11.23,4.52,3.08
491,2007,IOWA,81,14.55,27.96,1062.16,76.13,9.83,4.92,3.37
492,2007,KANSAS,40,15.92,29.03,999.36,70.16,12.99,5.13,3.48
493,2007,KENTUCKY,61,15.16,29.37,1071.09,71.25,14.13,3.1,1.6
494,2007,LOUISIANA,89,15.63,31.27,1179.67,77.51,18.84,1.86,0.29
495,2007,MAINE,26,13.2,26.84,1215.53,83.06,5.67,2.2,0.32
496,2007,MICHIGAN,64,14.2,27.59,837.86,75.36,8.96,4.79,3.27
497,2007,MINNESOTA,68,13.27,26.07,654.23,69.43,6.38,5.36,3.75
498,2007,MISSISSIPPI,92,16.3,30.66,979.08,71.3,18.11,2.14,0.61
499,2007,MISSOURI,46,15.18,29.03,982.82,75.54,13.19,2.45,0.73
500,2007,MONTANA,68,14.62,26.07,578.41,61.25,6.36,4.6,3.01
501,2007,NEBRASKA,49,15.75,27.96,749.82,62.29,10.56,5.32,3.7
502,2007,NEVADA,28,19.68,29.7,138.82,29.08,17.14,3.53,2.46
503,2007,NEW JERSEY,57,14.76,28.68,1151.01,79.41,12.54,5.01,3.71
504,2007,NEW MEXICO,59,18.41,30.35,312.45,47.64,11.36,3.94,2.68
505,2007,NEW YORK,57,13.49,27.59,1278.93,83.25,6.71,2.36,0.35
506,2007,NORTH CAROLINA,45,16.49,30.03,865.19,69.67,16.96,3.31,1.97
507,2007,NORTH DAKOTA,74,13.27,25.67,603.12,65.81,6.63,5.3,3.7
508,2007,OHIO,61,14.07,28.32,1038.13,76.25,10.77,3.67,2.1
509,2007,OREGON,43,16.68,27.22,359.44,60.38,7.76,3.7,2.41
510,2007,PENNSYLVANIA,42,13.64,28.32,1055.04,76.07,9.35,2.25,0.26
511,2007,SOUTH DAKOTA,52,14.25,26.84,711.2,64.87,8.93,5.05,3.52
512,2007,TENNESSEE,65,15.88,30.03,873.3,68.37,16.1,3.0,1.56
513,2007,TEXAS,82,16.18,31.27,1169.19,72.1,17.72,4.27,2.89
514,2007,UTAH,42,17.18,28.68,273.09,43.83,9.59,3.4,2.25
515,2007,VERMONT,64,12.89,26.84,1156.05,85.67,4.41,2.26,0.29
516,2007,VIRGINIA,46,15.63,29.37,888.45,70.35,14.13,1.8,0.14
517,2007,WASHINGTON,44,14.09,25.67,264.59,62.22,9.2,3.0,1.9
518,2007,WEST VIRGINIA,48,14.48,29.03,972.48,69.33,13.43,1.97,0.17
519,2007,WISCONSIN,84,13.72,26.84,800.29,74.69,6.65,4.98,3.38
520,2007,WYOMING,80,15.51,27.22,384.02,52.04,7.32,4.55,3.19
521,2006,ALABAMA,72,16.5,30.67,1207.71,71.94,17.29,1.98,0.27
522,2006,ARIZONA,65,19.31,30.35,335.42,43.18,11.15,3.12,1.37
523,2006,ARKANSAS,76,16.26,30.35,1165.84,69.1,17.38,3.6,2.23
524,2006,CALIFORNIA,52,18.43,29.7,405.92,51.96,17.51,2.79,1.83
525,2006,COLORADO,75,16.55,28.68,442.41,46.25,9.02,4.03,2.72
526,2006,FLORIDA,81,18.36,32.38,1035.07,72.03,22.93,3.23,2.15
527,2006,GEORGIA,74,16.39,30.67,920.54,68.52,17.88,2.08,0.43
528,2006,HAWAII,93,21.65,34.0,805.47,78.12,23.49,6.51,5.56
529,2006,IDAHO,44,16.65,27.22,521.06,58.26,7.31,3.32,2.09
530,2006,ILLINOIS,66,14.05,28.32,946.95,73.64,11.97,4.69,3.2
531,2006,INDIANA,54,13.81,28.32,1237.19,79.35,11.18,4.48,3.04
532,2006,IOWA,84,13.98,27.96,758.84,67.57,11.09,4.9,3.36
533,2006,KANSAS,55,16.54,29.03,684.62,56.62,14.6,5.21,3.55
534,2006,KENTUCKY,56,14.2,29.37,1306.5,77.46,13.26,3.12,1.6
535,2006,LOUISIANA,90,16.55,31.27,1429.23,73.21,19.27,2.02,0.31
536,2006,MAINE,23,12.59,26.84,1308.29,84.0,7.39,2.16,0.3
537,2006,MICHIGAN,55,13.2,27.59,826.69,74.98,9.66,4.7,3.21
538,2006,MINNESOTA,80,13.53,26.07,408.78,66.52,7.57,5.08,3.55
539,2006,MISSISSIPPI,98,16.59,30.67,1341.36,71.95,17.93,2.3,0.66
540,2006,MISSOURI,46,15.03,29.03,906.38,70.8,13.73,2.54,0.74
541,2006,MONTANA,79,14.43,26.07,548.61,59.71,6.6,4.55,2.96
542,2006,NEBRASKA,73,15.97,27.96,437.73,53.45,11.45,5.36,3.73
543,2006,NEVADA,37,19.61,29.7,115.23,30.44,16.83,3.45,2.41
544,2006,NEW JERSEY,36,14.71,28.68,1133.16,78.69,13.28,5.07,3.72
545,2006,NEW MEXICO,48,19.09,30.35,434.05,44.63,11.38,3.99,2.7
546,2006,NEW YORK,64,12.36,27.59,1351.6,84.83,7.68,2.4,0.35
547,2006,NORTH CAROLINA,50,16.04,30.03,1339.92,75.44,16.22,3.35,1.97
548,2006,NORTH DAKOTA,74,13.83,25.67,393.89,62.34,7.71,5.21,3.65
549,2006,OHIO,56,13.54,28.32,1045.29,77.84,10.94,3.65,2.09
550,2006,OREGON,48,16.6,27.22,435.28,62.05,7.66,3.83,2.5
551,2006,PENNSYLVANIA,40,12.93,28.32,1067.96,78.09,9.72,2.2,0.25
552,2006,SOUTH DAKOTA,47,14.6,26.84,396.62,59.22,10.02,5.0,3.49
553,2006,TENNESSEE,55,15.34,30.03,1163.89,74.35,15.16,3.1,1.61
554,2006,TEXAS,70,18.6,31.27,600.51,54.87,20.02,4.73,3.25
555,2006,UTAH,50,17.11,28.68,347.6,46.61,8.97,3.32,2.19
556,2006,VERMONT,56,11.94,26.84,1313.21,85.71,6.12,2.27,0.29
557,2006,VIRGINIA,42,15.22,29.37,1144.09,72.78,13.97,1.87,0.14
558,2006,WASHINGTON,52,14.46,25.67,442.64,62.73,9.56,3.04,1.91
559,2006,WEST VIRGINIA,42,13.9,29.03,1087.79,74.46,12.63,1.94,0.17
560,2006,WISCONSIN,93,13.39,26.84,708.73,73.88,7.35,4.69,3.18
561,2006,WYOMING,85,15.58,27.22,296.22,49.14,7.41,4.69,3.3
562,2005,ALABAMA,66,15.6,30.67,1281.4,75.12,16.74,1.99,0.27
563,2005,ARIZONA,50,19.61,30.35,499.27,50.25,11.1,3.1,1.37
564,2005,ARKANSAS,69,16.45,30.35,902.84,68.61,17.3,3.4,2.1
565,2005,CALIFORNIA,75,18.52,29.7,432.12,53.67,17.83,2.89,1.91
566,2005,COLORADO,70,16.51,28.68,379.83,46.62,9.32,3.81,2.56
567,2005,FLORIDA,86,17.61,32.38,1497.31,79.16,22.24,3.38,2.24
568,2005,GEORGIA,49,15.65,30.67,1275.03,75.24,16.83,2.08,0.43
569,2005,HAWAII,131,23.34,34.0,693.68,77.31,23.69,6.6,5.64
570,2005,IDAHO,37,16.56,27.22,528.43,56.79,7.38,3.2,2.03
571,2005,ILLINOIS,85,15.11,28.32,773.46,71.6,11.92,4.48,3.06
572,2005,INDIANA,64,14.41,28.32,1059.17,77.41,11.01,4.31,2.93
573,2005,IOWA,88,14.59,27.96,670.1,67.37,10.87,4.7,3.22
574,2005,KANSAS,50,16.25,29.03,740.96,63.72,13.61,5.09,3.46
575,2005,KENTUCKY,50,14.43,29.37,923.53,74.54,13.49,3.0,1.54
576,2005,LOUISIANA,97,16.67,31.27,1005.74,70.62,19.35,1.93,0.3
577,2005,MAINE,26,12.96,26.84,1559.96,84.2,6.21,2.18,0.3
578,2005,MICHIGAN,68,14.15,27.59,621.08,72.14,9.3,4.66,3.18
579,2005,MINNESOTA,74,13.25,26.07,616.51,70.81,6.8,5.0,3.48
580,2005,MISSISSIPPI,80,16.25,30.67,1250.29,73.15,17.56,2.24,0.64
581,2005,MISSOURI,50,15.51,29.03,1036.74,73.8,13.45,2.35,0.7
582,2005,MONTANA,67,13.63,26.07,593.13,61.77,6.05,4.41,2.86
583,2005,NEBRASKA,68,15.96,27.96,489.57,57.93,10.97,5.22,3.62
584,2005,NEVADA,46,19.22,29.7,263.24,39.67,16.6,3.41,2.36
585,2005,NEW JERSEY,32,14.49,28.68,1049.85,79.06,12.61,5.0,3.7
586,2005,NEW MEXICO,49,19.16,30.35,371.6,46.0,11.8,3.9,2.64
587,2005,NEW YORK,73,13.49,27.59,1213.64,82.56,7.11,2.22,0.31
588,2005,NORTH CAROLINA,54,15.6,30.03,1084.61,73.23,16.14,3.5,2.09
589,2005,NORTH DAKOTA,91,13.29,25.67,567.51,65.81,6.61,5.29,3.7
590,2005,OHIO,69,13.6,28.32,1010.16,77.0,10.63,3.52,2.01
591,2005,OREGON,42,16.1,27.22,514.87,62.45,7.64,3.55,2.3
592,2005,PENNSYLVANIA,56,13.23,28.32,937.25,76.73,9.28,2.12,0.24
593,2005,SOUTH DAKOTA,79,14.64,26.84,513.45,62.15,9.28,5.12,3.57
594,2005,TENNESSEE,55,15.06,30.03,1067.6,74.52,15.0,3.04,1.58
595,2005,TEXAS,71,17.67,31.27,554.38,60.2,19.2,4.21,2.86
596,2005,UTAH,45,17.0,28.68,392.13,50.58,8.95,3.38,2.22
597,2005,VERMONT,91,12.98,26.84,1324.73,85.49,5.27,2.21,0.28
598,2005,VIRGINIA,37,14.69,29.37,965.0,72.5,13.63,1.77,0.14
599,2005,WASHINGTON,55,14.6,25.67,357.99,60.06,9.52,2.91,1.84
600,2005,WEST VIRGINIA,51,13.93,29.03,1051.21,74.98,12.51,1.85,0.17
601,2005,WISCONSIN,83,13.83,26.84,678.09,74.54,7.01,4.53,3.05
602,2005,WYOMING,56,16.26,27.22,323.28,51.7,7.27,4.43,3.09
603,2004,ALABAMA,87,15.29,30.63,1248.86,74.36,16.97,2.01,0.27
604,2004,ARIZONA,55,19.76,30.32,490.37,45.37,11.04,3.16,1.38
605,2004,ARKANSAS,57,15.13,30.32,1421.0,75.85,16.54,3.5,2.16
606,2004,CALIFORNIA,45,19.34,29.66,336.07,48.95,17.94,3.1,2.06
607,2004,COLORADO,80,15.44,28.64,484.98,48.49,8.73,3.75,2.52
608,2004,FLORIDA,98,17.79,32.35,1261.91,75.4,22.64,3.45,2.29
609,2004,GEORGIA,49,15.49,30.63,1213.5,73.28,17.21,2.08,0.43
610,2004,HAWAII,96,22.8,33.97,883.1,78.07,24.05,6.09,5.22
611,2004,IDAHO,63,16.38,27.18,419.47,57.8,7.54,3.31,2.1
612,2004,ILLINOIS,55,14.26,28.28,975.45,75.07,11.2,4.75,3.25
613,2004,INDIANA,59,14.16,28.28,1063.81,79.56,10.54,4.65,3.17
614,2004,IOWA,67,14.12,27.92,804.71,72.96,9.77,4.84,3.32
615,2004,KANSAS,80,16.17,28.99,812.33,64.6,13.26,5.15,3.5
616,2004,KENTUCKY,56,14.13,29.33,1501.97,82.02,12.7,3.1,1.58
617,2004,LOUISIANA,98,15.63,31.24,1762.58,80.63,18.54,1.97,0.3
618,2004,MAINE,31,13.28,26.8,923.72,80.11,5.63,2.22,0.31
619,2004,MICHIGAN,67,13.42,27.55,820.12,77.22,8.49,4.9,3.36
620,2004,MINNESOTA,75,13.05,26.02,606.77,70.52,5.53,5.19,3.63
621,2004,MISSISSIPPI,65,15.45,30.63,1583.98,78.53,17.2,2.3,0.66
622,2004,MISSOURI,41,14.66,28.99,1202.41,76.77,12.73,2.5,0.74
623,2004,MONTANA,77,13.48,26.02,488.15,61.93,6.11,4.32,2.81
624,2004,NEBRASKA,89,15.66,27.92,589.63,58.47,10.55,5.15,3.58
625,2004,NEVADA,55,19.41,29.66,230.1,33.39,16.83,3.53,2.45
626,2004,NEW JERSEY,27,13.91,28.64,1020.69,80.98,12.31,5.06,3.74
627,2004,NEW MEXICO,44,18.79,30.32,394.75,45.61,11.28,3.92,2.67
628,2004,NEW YORK,67,12.43,27.55,1209.97,84.88,6.56,2.34,0.33
629,2004,NORTH CAROLINA,40,15.14,30.0,1127.11,75.35,15.89,3.43,2.03
630,2004,NORTH DAKOTA,78,13.43,25.63,534.13,66.07,5.69,5.18,3.64
631,2004,OHIO,58,13.18,28.28,1125.48,80.58,10.15,3.72,2.13
632,2004,OREGON,54,16.29,27.18,449.62,62.6,8.28,3.59,2.34
633,2004,PENNSYLVANIA,54,12.69,28.28,1353.16,83.51,8.73,2.16,0.25
634,2004,SOUTH DAKOTA,105,14.64,26.8,624.78,62.16,8.63,5.02,3.52
635,2004,TENNESSEE,54,14.83,30.0,1550.9,79.58,14.58,3.1,1.61
636,2004,TEXAS,76,16.47,31.24,1095.01,68.07,18.66,4.43,3.01
637,2004,UTAH,70,16.71,28.64,336.84,47.77,8.97,3.4,2.25
638,2004,VERMONT,68,12.97,26.8,1045.82,84.11,4.55,2.27,0.28
639,2004,VIRGINIA,38,14.35,29.33,1198.04,77.27,13.31,1.78,0.14
640,2004,WASHINGTON,63,14.46,25.63,299.34,61.58,10.34,2.89,1.83
641,2004,WEST VIRGINIA,55,13.72,28.99,1339.66,80.68,12.18,1.9,0.16
642,2004,WISCONSIN,86,13.14,26.8,897.52,78.84,5.77,4.78,3.24
643,2004,WYOMING,75,15.55,27.18,405.43,55.25,6.72,4.42,3.09
644,2003,ALABAMA,82,15.27,30.67,1484.56,78.31,16.3,1.92,0.26
645,2003,ARIZONA,72,19.44,30.35,403.2,42.88,11.96,3.14,1.4
646,2003,ARKANSAS,75,15.19,30.35,1110.32,73.55,16.22,3.46,2.14
647,2003,CALIFORNIA,67,18.96,29.7,279.99,50.05,18.19,3.01,2.0
648,2003,COLORADO,86,15.96,28.68,392.68,45.41,9.36,3.77,2.54
649,2003,FLORIDA,71,17.32,32.38,1407.07,80.92,22.28,3.1,2.03
650,2003,GEORGIA,65,15.18,30.67,1386.91,78.2,16.48,1.99,0.42
651,2003,HAWAII,114,23.51,33.99,635.7,76.63,23.62,6.39,5.46
652,2003,IDAHO,46,16.78,27.22,397.83,52.89,8.56,3.34,2.12
653,2003,ILLINOIS,60,14.54,28.32,929.96,70.96,10.91,4.64,3.18
654,2003,INDIANA,56,14.13,28.32,1211.33,78.08,10.03,4.58,3.1
655,2003,IOWA,59,14.51,27.96,745.44,67.55,9.66,4.72,3.23
656,2003,KANSAS,57,15.97,29.03,665.93,61.97,13.17,4.89,3.32
657,2003,KENTUCKY,48,13.81,29.37,1334.05,80.59,12.31,3.06,1.57
658,2003,LOUISIANA,90,15.93,31.27,1181.51,75.72,18.54,1.94,0.3
659,2003,MAINE,33,12.44,26.84,1197.98,82.46,5.59,2.11,0.3
660,2003,MARYLAND,42,12.73,28.68,1576.62,83.24,11.24,3.98,2.6
661,2003,MICHIGAN,74,13.44,27.59,779.67,73.18,8.17,4.84,3.31
662,2003,MINNESOTA,83,13.51,26.07,612.52,69.49,5.55,5.19,3.62
663,2003,MISSISSIPPI,69,15.43,30.67,1411.97,76.5,17.0,2.22,0.64
664,2003,MISSOURI,53,14.94,29.03,1016.86,72.06,12.73,2.46,0.73
665,2003,MONTANA,66,13.78,26.07,447.3,58.16,6.81,4.36,2.83
666,2003,NEBRASKA,74,15.72,27.96,442.24,54.81,10.83,5.21,3.62
667,2003,NEVADA,64,18.82,29.7,166.13,31.38,17.68,3.34,2.32
668,2003,NEW JERSEY,19,12.77,28.68,1330.15,82.99,11.63,5.18,3.81
669,2003,NEW MEXICO,41,19.17,30.35,224.24,40.72,12.4,4.09,2.79
670,2003,NEW YORK,72,12.34,27.59,1235.12,85.17,6.15,2.32,0.32
671,2003,NORTH CAROLINA,44,14.37,30.03,1468.32,81.95,15.2,3.46,2.04
672,2003,NORTH DAKOTA,87,13.54,25.67,462.77,62.77,6.17,5.2,3.64
673,2003,OHIO,50,13.44,28.32,1016.19,78.18,9.84,3.73,2.13
674,2003,OKLAHOMA,47,16.23,30.03,784.07,64.45,15.83,4.71,3.19
675,2003,OREGON,51,16.09,27.22,395.86,60.11,8.57,3.72,2.43
676,2003,PENNSYLVANIA,50,12.47,28.32,1197.27,82.03,8.31,2.23,0.25
677,2003,SOUTH CAROLINA,70,15.04,30.67,1321.34,78.74,16.9,3.24,1.9
678,2003,SOUTH DAKOTA,70,14.35,26.84,423.93,59.46,8.87,5.03,3.51
679,2003,TENNESSEE,40,14.63,30.03,1438.37,79.38,14.14,3.01,1.56
680,2003,TEXAS,67,17.38,31.27,647.15,61.98,19.03,4.33,2.96
681,2003,UTAH,57,16.7,28.68,280.97,44.62,9.81,3.36,2.22
682,2003,VERMONT,83,12.8,26.84,1208.16,85.03,4.29,2.19,0.27
683,2003,VIRGINIA,37,13.65,29.37,1662.76,82.0,12.46,1.81,0.14
684,2003,WASHINGTON,56,14.81,25.67,302.12,60.08,10.17,3.06,1.93
685,2003,WEST VIRGINIA,47,13.14,29.03,1425.76,81.31,11.54,1.92,0.16
686,2003,WISCONSIN,77,13.76,26.84,715.38,75.61,5.49,4.75,3.21
687,2003,WYOMING,81,15.74,27.22,338.08,50.98,7.46,4.41,3.1
688,2002,ALABAMA,86,15.44,30.67,1354.03,74.84,17.13,1.98,0.27
689,2002,ARIZONA,63,20.06,30.35,248.0,36.75,11.67,3.31,1.46
690,2002,ARKANSAS,88,15.29,30.35,1309.84,75.83,16.23,3.54,2.2
691,2002,CALIFORNIA,50,19.06,29.7,278.35,48.25,17.77,3.01,2.0
692,2002,COLORADO,60,17.19,28.68,252.79,40.73,9.1,3.8,2.57
693,2002,FLORIDA,93,17.26,32.38,1459.47,77.46,22.73,3.14,2.08
694,2002,GEORGIA,52,15.68,30.67,1180.26,72.54,17.51,2.04,0.43
695,2002,HAWAII,136,22.93,33.99,597.18,78.57,23.36,6.42,5.49
696,2002,IDAHO,57,16.86,27.22,304.38,53.2,7.2,3.36,2.12
697,2002,ILLINOIS,80,14.12,28.32,1004.27,75.85,11.17,4.62,3.15
698,2002,INDIANA,62,13.87,28.32,1024.77,77.48,10.95,4.62,3.15
699,2002,IOWA,70,14.69,27.96,780.08,70.15,10.06,4.87,3.34
700,2002,KANSAS,52,16.16,29.03,700.17,59.66,13.29,5.15,3.5
701,2002,KENTUCKY,54,14.11,29.37,1292.26,77.08,13.37,3.1,1.59
702,2002,LOUISIANA,124,15.54,31.27,1501.17,77.47,18.64,2.03,0.31
703,2002,MAINE,41,13.22,26.84,1114.8,80.29,6.36,2.14,0.29
704,2002,MARYLAND,46,14.2,28.68,1048.54,70.1,13.27,4.05,2.65
705,2002,MICHIGAN,77,13.8,27.59,675.17,75.03,9.01,4.93,3.38
706,2002,MINNESOTA,73,13.43,26.07,808.99,73.47,5.52,5.08,3.54
707,2002,MISSISSIPPI,78,15.54,30.67,1503.91,76.47,17.46,2.25,0.65
708,2002,MISSOURI,50,15.25,29.03,1012.48,73.23,12.93,2.42,0.71
709,2002,MONTANA,63,13.4,26.07,399.7,57.39,5.49,4.63,3.04
710,2002,NEBRASKA,75,16.31,27.96,348.95,51.98,10.71,5.43,3.78
711,2002,NEVADA,62,19.13,29.7,47.18,25.3,17.34,3.53,2.45
712,2002,NEW JERSEY,40,14.57,28.68,1136.7,75.03,13.4,5.18,3.83
713,2002,NEW MEXICO,44,19.27,30.35,284.89,39.27,12.04,4.03,2.75
714,2002,NEW YORK,98,13.13,27.59,1120.35,79.6,7.57,2.41,0.34
715,2002,NORTH CAROLINA,42,15.61,30.03,1097.17,71.97,16.67,3.42,2.03
716,2002,NORTH DAKOTA,75,13.49,25.67,364.49,60.39,6.33,5.18,3.64
717,2002,OHIO,70,13.66,28.32,871.05,74.3,11.07,3.84,2.2
718,2002,OKLAHOMA,53,15.86,30.03,888.05,67.25,15.3,4.72,3.18
719,2002,OREGON,49,17.0,27.22,259.97,57.18,7.92,3.75,2.45
720,2002,PENNSYLVANIA,57,13.49,28.32,971.23,74.35,9.73,2.26,0.25
721,2002,SOUTH CAROLINA,94,15.85,30.67,1022.13,69.76,18.44,3.32,1.98
722,2002,SOUTH DAKOTA,51,14.39,26.84,358.59,57.4,8.98,5.09,3.55
723,2002,TENNESSEE,61,14.79,30.03,1398.1,77.02,14.93,3.1,1.62
724,2002,TEXAS,67,17.05,31.27,825.2,63.46,18.49,4.6,3.14
725,2002,UTAH,59,17.38,28.68,228.08,40.07,9.24,3.46,2.3
726,2002,VERMONT,89,12.47,26.84,1128.98,84.2,5.29,2.26,0.28
727,2002,VIRGINIA,38,15.05,29.37,1015.31,68.49,14.16,1.86,0.13
728,2002,WASHINGTON,51,14.79,25.67,272.24,59.67,9.45,3.05,1.93
729,2002,WEST VIRGINIA,51,13.79,29.03,1172.54,73.31,12.88,1.96,0.16
730,2002,WISCONSIN,95,13.65,26.84,948.93,78.83,6.29,4.78,3.25
731,2002,WYOMING,63,15.88,27.22,265.83,49.0,6.47,4.6,3.24
732,2001,ALABAMA,73,15.75,30.67,1435.46,74.71,16.33,1.93,0.27
733,2001,ARIZONA,59,19.4,30.35,395.87,45.51,11.49,3.02,1.35
734,2001,ARKANSAS,98,15.74,30.35,1344.22,71.22,16.76,3.31,2.04
735,2001,CALIFORNIA,61,18.95,29.7,417.38,49.53,18.05,3.03,2.01
736,2001,COLORADO,55,16.5,28.68,408.58,45.58,9.32,3.69,2.47
737,2001,FLORIDA,100,17.15,32.38,1253.8,74.55,22.66,3.33,2.22
738,2001,GEORGIA,57,16.12,30.67,1064.21,70.82,16.89,2.03,0.42
739,2001,HAWAII,87,23.36,34.0,454.37,77.14,23.25,7.13,6.08
740,2001,IDAHO,46,16.75,27.22,323.31,50.19,8.19,3.49,2.22
741,2001,ILLINOIS,76,14.59,28.32,949.7,73.63,11.58,4.57,3.11
742,2001,INDIANA,76,14.23,28.32,1079.36,75.51,11.26,4.52,3.07
743,2001,IOWA,51,14.15,27.96,897.6,75.28,9.84,4.75,3.23
744,2001,KANSAS,51,16.34,29.03,703.44,62.32,14.0,4.95,3.36
745,2001,KENTUCKY,78,14.83,29.37,1045.55,72.22,13.35,3.03,1.55
746,2001,LOUISIANA,106,15.81,31.27,1709.06,78.27,18.33,1.9,0.3
747,2001,MAINE,20,13.91,26.84,750.97,79.37,6.85,2.09,0.3
748,2001,MARYLAND,46,14.63,28.68,897.77,70.39,12.76,3.87,2.51
749,2001,MICHIGAN,60,13.52,27.59,881.06,76.22,9.28,4.79,3.26
750,2001,MINNESOTA,81,13.43,26.06,796.13,76.64,5.92,5.03,3.48
751,2001,MISSISSIPPI,66,15.79,30.67,1580.21,75.91,17.04,2.14,0.61
752,2001,MISSOURI,61,15.35,29.03,1098.22,71.9,13.37,2.45,0.72
753,2001,MONTANA,102,14.31,26.06,356.36,54.27,6.91,4.24,2.74
754,2001,NEBRASKA,48,15.78,27.96,631.81,58.96,10.67,5.15,3.57
755,2001,NEVADA,50,18.7,29.7,146.12,31.12,17.5,3.34,2.32
756,2001,NEW JERSEY,34,14.76,28.68,861.38,76.54,12.83,4.81,3.53
757,2001,NEW MEXICO,70,19.12,30.35,282.75,43.53,11.97,3.96,2.69
758,2001,NEW YORK,70,13.68,27.59,838.57,79.28,7.5,2.29,0.32
759,2001,NORTH CAROLINA,44,15.79,30.03,925.81,69.08,16.19,3.35,1.97
760,2001,NORTH DAKOTA,96,13.8,25.67,428.92,64.42,6.85,4.98,3.46
761,2001,OHIO,81,13.82,28.32,869.63,72.91,11.01,3.69,2.1
762,2001,OKLAHOMA,47,16.23,30.03,864.32,68.34,16.16,4.69,3.16
763,2001,OREGON,44,16.29,27.22,344.79,59.52,7.98,3.66,2.39
764,2001,PENNSYLVANIA,57,13.48,28.32,732.75,69.57,9.93,2.23,0.25
765,2001,SOUTH CAROLINA,40,16.35,30.67,790.1,66.48,18.03,3.31,1.96
766,2001,SOUTH DAKOTA,65,14.18,26.84,503.12,62.13,9.2,4.98,3.45
767,2001,TENNESSEE,59,15.13,30.03,1259.27,73.64,14.66,3.02,1.56
768,2001,TEXAS,79,16.97,31.27,791.73,65.28,18.82,4.48,3.06
769,2001,UTAH,38,17.23,28.68,280.82,44.42,9.57,3.34,2.21
770,2001,VERMONT,81,13.11,26.84,804.75,85.03,5.35,2.11,0.27
771,2001,VIRGINIA,52,15.46,29.37,814.5,66.91,13.6,1.8,0.15
772,2001,WASHINGTON,52,14.48,25.67,303.38,61.39,9.13,3.08,1.94
773,2001,WEST VIRGINIA,65,14.33,29.03,979.27,69.29,12.64,1.9,0.18
774,2001,WISCONSIN,81,13.33,26.84,849.13,78.82,6.72,4.63,3.12
775,2001,WYOMING,77,16.42,27.22,222.91,47.8,7.75,4.21,2.93
776,2000,ALABAMA,78,16.12,30.63,941.89,66.1,17.21,2.03,0.29
777,2000,ARIZONA,59,19.54,30.32,433.14,43.27,11.6,3.15,1.41
778,2000,ARKANSAS,93,15.59,30.32,982.25,66.09,16.96,3.53,2.2
779,2000,CALIFORNIA,70,18.59,29.66,434.72,52.47,17.37,3.06,2.03
780,2000,COLORADO,60,16.76,28.64,417.06,45.5,9.18,3.82,2.57
781,2000,FLORIDA,105,17.87,32.35,883.75,68.98,22.8,3.48,2.34
782,2000,GEORGIA,57,16.5,30.63,950.84,67.52,16.93,2.06,0.44
783,2000,HAWAII,112,24.06,33.97,225.95,76.8,23.02,7.21,6.16
784,2000,IDAHO,47,16.9,27.18,359.95,52.55,7.9,3.42,2.18
785,2000,ILLINOIS,61,13.93,28.28,875.14,70.52,11.07,4.69,3.21
786,2000,INDIANA,65,13.83,28.28,1005.45,73.97,10.42,4.6,3.12
787,2000,IOWA,67,13.9,27.92,764.09,67.78,10.03,4.85,3.33
788,2000,KANSAS,68,16.27,28.99,809.21,60.64,13.46,5.11,3.48
789,2000,KENTUCKY,48,14.42,29.33,1071.04,72.8,12.65,3.18,1.63
790,2000,LOUISIANA,94,16.39,31.24,1185.79,69.19,19.25,2.01,0.31
791,2000,MAINE,21,12.49,26.8,1143.23,82.7,5.74,2.22,0.31
792,2000,MARYLAND,46,13.52,28.64,1099.84,75.25,11.56,4.04,2.64
793,2000,MICHIGAN,75,13.18,27.55,947.33,76.08,8.39,4.77,3.25
794,2000,MINNESOTA,90,13.16,26.02,677.79,69.1,5.68,5.02,3.49
795,2000,MISSISSIPPI,72,16.31,30.63,1147.87,66.93,17.89,2.28,0.66
796,2000,MISSOURI,75,14.84,28.99,817.74,67.16,13.22,2.52,0.75
797,2000,MONTANA,88,13.8,26.02,386.96,57.44,6.08,4.35,2.83
798,2000,NEBRASKA,87,15.92,27.92,494.27,54.47,10.71,5.29,3.68
799,2000,NEVADA,35,19.22,29.66,138.56,30.78,17.23,3.53,2.46
800,2000,NEW JERSEY,35,14.04,28.64,1134.28,78.9,11.84,5.2,3.85
801,2000,NEW MEXICO,64,18.97,30.32,367.6,41.69,12.12,4.13,2.81
802,2000,NEW YORK,80,12.06,27.55,1266.95,83.62,6.22,2.38,0.34
803,2000,NORTH CAROLINA,49,15.38,29.99,1084.77,74.54,14.9,3.46,2.05
804,2000,NORTH DAKOTA,115,13.59,25.63,614.59,66.02,5.49,5.05,3.52
805,2000,OHIO,65,13.64,28.28,950.9,74.13,10.14,3.75,2.14
806,2000,OKLAHOMA,35,16.03,29.99,1019.67,64.55,15.91,4.91,3.32
807,2000,OREGON,51,16.44,27.18,419.27,65.36,7.26,3.6,2.34
808,2000,PENNSYLVANIA,45,12.89,28.28,894.4,74.46,8.84,2.25,0.25
809,2000,SOUTH DAKOTA,121,14.4,26.8,470.48,61.46,8.4,5.12,3.57
810,2000,TENNESSEE,61,15.36,29.99,1073.29,69.24,14.91,3.15,1.65
811,2000,TEXAS,79,17.44,31.24,783.33,58.37,19.61,4.79,3.29
812,2000,UTAH,41,17.08,28.64,338.53,44.64,9.41,3.52,2.32
813,2000,VERMONT,59,11.47,26.8,1170.08,84.97,4.34,2.3,0.29
814,2000,VIRGINIA,42,14.89,29.33,949.62,70.37,12.85,1.84,0.15
815,2000,WASHINGTON,54,14.66,25.63,298.18,63.09,8.47,2.95,1.86
816,2000,WEST VIRGINIA,54,13.77,28.99,1018.53,71.91,11.92,1.94,0.18
817,2000,WISCONSIN,90,13.11,26.8,859.26,76.2,5.99,4.66,3.14
818,2000,WYOMING,93,16.17,27.18,293.02,49.2,7.13,4.52,3.17
819,1999,ALABAMA,68,16.44,30.67,1234.95,70.83,17.14,1.98,0.28
820,1999,ARIZONA,62,20.02,30.35,413.34,42.59,10.94,3.16,1.38
821,1999,ARKANSAS,89,16.54,30.35,1044.52,67.17,17.41,3.57,2.21
822,1999,CALIFORNIA,60,19.04,29.7,367.02,49.7,16.8,3.03,2.0
823,1999,COLORADO,76,16.72,28.68,523.1,47.31,8.82,3.92,2.62
824,1999,FLORIDA,102,17.93,32.38,1180.38,74.69,22.64,3.31,2.2
825,1999,GEORGIA,51,16.45,30.67,971.94,68.41,17.46,2.09,0.44
826,1999,HAWAII,80,23.77,33.99,278.15,76.44,22.75,7.48,6.37
827,1999,IDAHO,48,16.75,27.22,316.1,51.76,7.42,3.48,2.21
828,1999,ILLINOIS,66,14.9,28.32,883.18,71.53,11.52,4.65,3.17
829,1999,INDIANA,81,14.76,28.32,837.32,71.25,11.3,4.63,3.14
830,1999,IOWA,65,14.65,27.96,824.81,71.06,10.28,4.88,3.33
831,1999,KANSAS,67,16.13,29.03,789.2,65.11,13.37,5.17,3.51
832,1999,KENTUCKY,50,15.47,29.37,887.83,68.18,13.73,3.19,1.63
833,1999,LOUISIANA,114,17.19,31.27,1183.15,70.0,19.52,2.02,0.32
834,1999,MAINE,22,13.92,26.84,1210.15,79.25,7.53,2.28,0.32
835,1999,MARYLAND,46,14.69,28.68,1165.48,72.22,12.67,4.12,2.69
836,1999,MICHIGAN,85,14.51,27.59,782.17,71.42,9.22,4.94,3.37
837,1999,MINNESOTA,82,13.49,26.07,770.2,73.52,6.33,5.16,3.59
838,1999,MISSISSIPPI,73,17.04,30.67,1156.41,68.72,18.13,2.29,0.66
839,1999,MISSOURI,65,15.36,29.03,838.51,67.74,13.76,2.52,0.74
840,1999,MONTANA,70,13.88,26.07,419.33,57.39,6.58,4.64,3.01
841,1999,NEBRASKA,77,15.88,27.96,535.21,57.66,10.92,5.29,3.66
842,1999,NEVADA,45,19.36,29.7,162.67,29.08,16.58,3.51,2.44
843,1999,NEW JERSEY,44,14.72,28.68,1168.29,76.88,12.86,5.3,3.91
844,1999,NEW MEXICO,52,19.65,30.35,344.16,41.66,11.51,4.13,2.8
845,1999,NEW YORK,70,13.86,27.59,971.05,77.13,7.6,2.41,0.33
846,1999,NORTH CAROLINA,46,15.78,30.03,1472.94,74.68,16.03,3.55,2.1
847,1999,NORTH DAKOTA,105,13.75,25.67,580.05,68.08,6.6,5.14,3.58
848,1999,OHIO,74,14.89,28.32,736.54,69.11,11.11,3.76,2.15
849,1999,OKLAHOMA,45,16.76,30.03,1090.22,68.24,16.1,4.91,3.31
850,1999,OREGON,57,16.7,27.22,471.15,65.33,6.81,3.88,2.51
851,1999,PENNSYLVANIA,60,14.34,28.32,914.32,71.85,9.58,2.25,0.24
852,1999,SOUTH DAKOTA,104,14.68,26.84,594.58,65.34,9.12,5.0,3.48
853,1999,TENNESSEE,51,16.1,30.03,1084.84,69.49,15.45,3.16,1.64
854,1999,TEXAS,81,18.19,31.27,505.03,56.06,19.92,4.65,3.18
855,1999,UTAH,45,17.24,28.68,316.57,43.57,8.94,3.5,2.32
856,1999,VERMONT,66,13.39,26.84,1041.27,82.41,5.82,2.32,0.29
857,1999,VIRGINIA,35,15.64,29.37,1034.79,69.78,13.64,1.9,0.14
858,1999,WASHINGTON,50,14.51,25.67,340.11,63.47,9.1,3.14,1.98
859,1999,WEST VIRGINIA,39,15.1,29.03,839.3,66.39,13.04,2.0,0.17
860,1999,WISCONSIN,75,13.93,26.84,829.72,75.95,6.68,4.76,3.2
861,1999,WYOMING,72,16.41,27.22,332.78,51.35,7.24,4.57,3.2
862,1998,ALABAMA,71,15.65,30.67,1436.48,74.76,17.7,2.0,0.28
863,1998,ARIZONA,60,19.22,30.35,545.73,51.07,10.0,3.31,1.47
864,1998,ARKANSAS,65,15.82,30.35,1001.09,69.93,18.14,3.55,2.22
865,1998,CALIFORNIA,83,18.03,29.7,705.05,60.44,16.05,2.99,1.97
866,1998,COLORADO,72,16.97,28.68,435.84,49.5,8.64,3.58,2.39
867,1998,FLORIDA,98,17.73,32.38,1406.05,79.42,22.89,3.45,2.28
868,1998,GEORGIA,56,15.97,30.67,1297.66,74.3,17.81,2.08,0.44
869,1998,HAWAII,118,23.56,34.0,210.75,75.29,22.88,7.36,6.27
870,1998,IDAHO,50,15.61,27.22,536.57,59.4,7.28,3.2,2.02
871,1998,ILLINOIS,71,13.96,28.32,1095.83,78.28,12.16,4.39,2.97
872,1998,INDIANA,92,14.01,28.32,1203.78,78.66,11.84,4.3,2.9
873,1998,IOWA,78,13.71,27.96,1036.68,77.75,10.71,4.5,3.06
874,1998,KANSAS,46,16.06,29.03,792.79,65.87,13.97,5.0,3.41
875,1998,KENTUCKY,50,14.08,29.37,1279.45,76.74,13.9,2.94,1.5
876,1998,LOUISIANA,111,16.51,31.27,1507.06,74.53,19.88,2.06,0.33
877,1998,MAINE,26,13.19,26.84,1236.05,83.51,6.99,2.16,0.29
878,1998,MARYLAND,44,14.25,28.68,1067.85,73.41,13.38,3.9,2.54
879,1998,MICHIGAN,85,14.11,27.59,798.13,76.02,10.09,4.6,3.12
880,1998,MINNESOTA,79,13.91,26.07,727.38,73.42,7.18,4.81,3.33
881,1998,MISSISSIPPI,86,15.99,30.67,1400.35,73.18,18.47,2.31,0.66
882,1998,MISSOURI,66,14.55,29.03,1297.46,77.77,13.68,2.39,0.71
883,1998,MONTANA,122,14.05,26.07,475.35,61.59,6.44,4.13,2.67
884,1998,NEBRASKA,70,15.53,27.96,647.78,61.11,10.56,4.87,3.37
885,1998,NEVADA,46,19.53,29.7,306.24,39.15,15.3,3.47,2.42
886,1998,NEW JERSEY,49,14.13,28.68,1191.36,79.57,13.09,4.89,3.59
887,1998,NEW MEXICO,55,19.64,30.35,372.21,46.81,11.14,4.13,2.8
888,1998,NEW YORK,80,13.02,27.59,1057.99,83.15,7.97,2.23,0.3
889,1998,NORTH CAROLINA,59,15.6,30.03,1386.16,75.32,16.57,3.36,1.99
890,1998,NORTH DAKOTA,128,13.82,25.67,585.97,67.12,6.93,4.75,3.31
891,1998,OHIO,78,13.83,28.32,982.2,75.34,11.76,3.49,1.99
892,1998,OKLAHOMA,51,16.69,30.03,1048.96,69.33,16.91,4.75,3.21
893,1998,OREGON,45,15.51,27.22,684.02,69.07,7.04,3.7,2.4
894,1998,PENNSYLVANIA,66,13.67,28.32,918.08,75.57,10.33,2.09,0.22
895,1998,SOUTH DAKOTA,95,14.28,26.84,634.55,66.54,9.05,4.59,3.19
896,1998,TENNESSEE,64,14.77,30.03,1361.14,75.8,15.76,3.01,1.56
897,1998,TEXAS,77,18.22,31.27,883.8,63.03,19.52,4.62,3.15
898,1998,UTAH,58,16.47,28.68,393.94,51.48,8.15,3.34,2.2
899,1998,VERMONT,64,12.79,26.84,1219.25,85.89,6.14,2.14,0.25
900,1998,VIRGINIA,37,15.08,29.37,1134.76,71.61,14.25,1.79,0.14
901,1998,WASHINGTON,51,14.22,25.67,445.16,65.05,9.99,2.88,1.82
902,1998,WEST VIRGINIA,55,13.83,29.03,1147.64,74.26,13.2,1.84,0.17
903,1998,WISCONSIN,91,14.1,26.84,813.6,77.44,7.86,4.59,3.09
904,1998,WYOMING,60,15.97,27.22,456.64,57.31,6.65,4.14,2.88
905,1997,ALABAMA,66,15.65,30.67,1590.87,78.71,15.98,1.95,0.27
906,1997,ARIZONA,80,19.36,30.35,489.7,47.54,10.8,3.1,1.35
907,1997,ARKANSAS,95,15.52,30.35,1322.57,75.22,15.72,3.32,2.04
908,1997,CALIFORNIA,75,20.19,29.7,327.76,50.89,18.02,3.35,2.24
909,1997,COLORADO,55,16.28,28.68,549.01,50.94,8.05,3.7,2.49
910,1997,FLORIDA,67,17.38,32.38,1458.2,75.78,23.02,3.32,2.2
911,1997,GEORGIA,46,15.58,30.67,1419.33,76.25,16.45,2.06,0.43
912,1997,HAWAII,146,23.6,34.0,217.91,75.73,23.69,6.72,5.76
913,1997,IDAHO,64,16.11,27.22,368.82,59.26,6.75,3.28,2.08
914,1997,ILLINOIS,69,14.22,28.32,851.69,72.82,10.41,4.59,3.13
915,1997,INDIANA,71,13.87,28.32,949.27,77.9,9.58,4.64,3.17
916,1997,IOWA,74,14.5,27.96,782.57,73.12,9.15,4.76,3.26
917,1997,KANSAS,71,16.29,29.03,817.1,66.97,12.44,4.91,3.34
918,1997,KENTUCKY,60,14.16,29.37,1335.35,77.55,11.9,3.11,1.6
919,1997,LOUISIANA,115,15.79,31.27,1575.87,77.21,18.12,1.92,0.3
920,1997,MAINE,19,13.13,26.84,1049.1,82.96,5.21,2.22,0.32
921,1997,MARYLAND,40,14.41,28.68,965.96,72.98,11.74,4.18,2.75
922,1997,MICHIGAN,70,13.27,27.59,831.4,78.93,7.58,4.85,3.31
923,1997,MINNESOTA,73,13.82,26.06,672.0,77.44,4.61,5.01,3.48
924,1997,MISSISSIPPI,73,15.74,30.67,1620.89,77.28,16.63,2.19,0.63
925,1997,MISSOURI,77,15.21,29.03,1005.18,74.6,12.14,2.39,0.72
926,1997,MONTANA,120,13.56,26.06,629.42,66.35,5.2,4.51,2.93
927,1997,NEBRASKA,67,15.7,27.96,580.23,59.94,9.84,5.25,3.65
928,1997,NEVADA,61,19.47,29.7,168.85,33.48,16.67,3.58,2.49
929,1997,NEW JERSEY,49,14.71,28.68,1193.06,78.37,11.82,5.31,3.92
930,1997,NEW MEXICO,60,18.84,30.35,505.91,49.88,10.69,3.95,2.68
931,1997,NEW YORK,60,13.33,27.59,966.21,81.97,5.88,2.52,0.37
932,1997,NORTH CAROLINA,58,15.8,30.03,1141.6,74.27,15.18,3.4,2.01
933,1997,NORTH DAKOTA,100,14.05,25.67,443.07,67.67,5.7,5.22,3.65
934,1997,OHIO,80,13.63,28.32,957.7,77.79,9.41,3.88,2.23
935,1997,OKLAHOMA,58,16.16,30.03,1054.81,70.5,14.89,4.55,3.07
936,1997,OREGON,53,16.3,27.22,475.98,67.23,7.24,3.74,2.43
937,1997,PENNSYLVANIA,48,13.49,28.32,976.83,77.31,8.13,2.36,0.27
938,1997,SOUTH DAKOTA,65,14.23,26.84,612.77,70.59,7.41,4.94,3.43
939,1997,TENNESSEE,62,15.02,30.03,1313.3,77.41,13.85,3.01,1.57
940,1997,TEXAS,106,17.44,31.27,981.66,66.39,17.72,4.36,2.96
941,1997,UTAH,52,16.98,28.68,552.75,54.6,7.82,3.31,2.18
942,1997,VERMONT,63,12.97,26.84,1057.29,85.51,3.95,2.32,0.31
943,1997,VIRGINIA,53,15.24,29.37,966.13,71.84,12.55,1.84,0.15
944,1997,WASHINGTON,52,14.17,25.67,380.38,67.59,8.8,3.05,1.92
945,1997,WEST VIRGINIA,70,14.17,29.03,1005.96,73.68,11.42,1.98,0.18
946,1997,WISCONSIN,60,13.53,26.84,773.33,80.97,5.02,4.53,3.06
947,1997,WYOMING,62,15.83,27.22,431.39,57.64,5.77,4.47,3.13
948,1996,ALABAMA,64,15.91,30.63,1344.3,75.63,15.96,2.03,0.28
949,1996,ARIZONA,60,19.64,30.32,357.88,42.63,11.45,3.25,1.46
950,1996,ARKANSAS,84,15.32,30.32,1230.54,71.84,16.06,3.71,2.32
951,1996,CALIFORNIA,70,19.23,29.66,622.83,51.99,18.08,3.15,2.08
952,1996,COLORADO,74,16.14,28.64,455.01,47.29,8.48,3.95,2.67
953,1996,FLORIDA,105,18.22,32.35,1131.96,76.53,21.91,3.55,2.35
954,1996,GEORGIA,68,15.8,30.63,1195.07,74.78,16.08,2.14,0.45
955,1996,HAWAII,155,23.01,33.97,314.11,75.67,23.85,6.34,5.45
956,1996,IDAHO,45,16.19,27.18,587.79,57.69,6.77,3.42,2.16
957,1996,ILLINOIS,74,13.97,28.28,864.17,72.04,9.92,4.82,3.31
958,1996,INDIANA,75,13.72,28.28,1110.08,76.23,9.36,4.78,3.28
959,1996,IOWA,67,13.6,27.92,917.35,72.68,7.95,4.98,3.43
960,1996,KANSAS,51,15.96,28.99,792.83,60.8,12.3,5.14,3.51
961,1996,KENTUCKY,60,14.08,29.33,1458.33,79.72,11.57,3.26,1.69
962,1996,LOUISIANA,106,16.01,31.24,1279.76,75.35,18.35,2.07,0.32
963,1996,MAINE,23,12.65,26.8,1425.46,83.44,5.6,2.28,0.31
964,1996,MARYLAND,32,13.39,28.64,1542.37,81.51,10.77,4.1,2.69
965,1996,MICHIGAN,96,13.11,27.55,819.13,76.28,7.36,4.86,3.33
966,1996,MINNESOTA,77,13.82,26.02,753.52,76.15,2.64,5.04,3.5
967,1996,MISSISSIPPI,80,15.76,30.63,1340.23,74.94,16.89,2.38,0.68
968,1996,MISSOURI,74,14.66,28.99,1171.98,73.57,11.7,2.6,0.78
969,1996,MONTANA,60,14.09,26.02,492.68,62.55,4.54,4.39,2.86
970,1996,NEBRASKA,75,15.2,27.92,598.02,61.58,8.45,5.19,3.62
971,1996,NEVADA,61,19.28,29.66,158.66,31.49,17.21,3.64,2.55
972,1996,NEW JERSEY,45,13.67,28.64,1394.28,82.2,11.29,5.2,3.84
973,1996,NEW MEXICO,77,19.28,30.32,372.77,40.91,11.59,4.23,2.88
974,1996,NEW YORK,80,12.68,27.55,1323.67,83.18,5.91,2.37,0.34
975,1996,NORTH CAROLINA,44,15.19,29.99,1459.11,79.59,14.69,3.55,2.1
976,1996,NORTH DAKOTA,86,13.1,25.63,508.32,67.95,3.29,5.13,3.6
977,1996,OHIO,70,13.35,28.28,1172.1,78.97,8.96,3.88,2.24
978,1996,OKLAHOMA,59,16.35,29.99,965.29,64.29,15.07,5.06,3.44
979,1996,OREGON,59,16.37,27.18,722.97,66.33,7.28,4.0,2.6
980,1996,PENNSYLVANIA,46,12.84,28.28,1423.88,82.58,7.69,2.22,0.25
981,1996,SOUTH CAROLINA,90,16.3,30.63,1045.17,74.08,16.56,3.45,2.04
982,1996,SOUTH DAKOTA,97,14.08,26.8,639.69,67.16,5.84,5.1,3.56
983,1996,TENNESSEE,64,15.14,29.99,1414.41,77.87,13.63,3.2,1.67
984,1996,TEXAS,83,18.4,31.24,806.69,57.84,18.73,4.88,3.34
985,1996,UTAH,46,16.97,28.64,431.26,47.19,8.6,3.58,2.36
986,1996,VERMONT,83,12.72,26.8,1350.2,83.69,4.42,2.31,0.29
987,1996,VIRGINIA,50,14.38,29.33,1377.19,78.64,11.92,1.86,0.14
988,1996,WASHINGTON,58,14.37,25.63,502.16,65.37,7.71,3.04,1.92
989,1996,WEST VIRGINIA,59,13.85,28.99,1361.61,79.92,10.81,1.98,0.17
990,1996,WISCONSIN,78,13.4,26.8,887.11,80.31,3.81,4.75,3.2
991,1996,WYOMING,73,15.96,27.18,357.2,53.99,5.88,4.8,3.38
992,1995,ALABAMA,58,15.72,30.67,1374.01,74.73,16.59,1.99,0.27
993,1995,ARIZONA,79,18.49,30.35,507.38,49.61,10.91,3.03,1.35
994,1995,ARKANSAS,60,15.54,30.35,1009.5,68.42,16.79,3.6,2.24
995,1995,CALIFORNIA,93,18.81,29.7,628.51,55.45,17.58,3.05,2.01
996,1995,COLORADO,60,15.95,28.68,549.27,49.79,8.22,3.68,2.46
997,1995,FLORIDA,86,17.03,32.38,1576.46,82.2,21.94,3.38,2.22
998,1995,GEORGIA,62,15.73,30.67,1235.14,75.26,16.66,2.08,0.43
999,1995,HAWAII,129,23.43,33.99,171.06,75.38,23.54,6.19,5.33
1000,1995,IDAHO,48,15.57,27.22,544.85,58.81,7.02,3.36,2.13
1001,1995,ILLINOIS,74,13.85,28.32,982.16,75.7,10.25,4.47,3.03
1002,1995,INDIANA,63,13.94,28.32,878.22,73.91,10.29,4.45,3.03
1003,1995,IOWA,68,13.52,27.96,856.98,74.8,9.04,4.78,3.28
1004,1995,KANSAS,67,15.39,29.03,765.29,65.19,12.65,4.92,3.34
1005,1995,KENTUCKY,44,14.4,29.37,1209.3,76.47,12.3,3.04,1.56
1006,1995,LOUISIANA,119,16.07,31.27,1529.21,74.88,18.7,1.99,0.32
1007,1995,MAINE,45,13.27,26.84,1111.19,81.13,5.9,2.2,0.3
1008,1995,MARYLAND,35,13.98,28.68,997.41,72.89,11.91,4.02,2.65
1009,1995,MICHIGAN,92,13.01,27.59,779.56,76.91,7.81,4.76,3.24
1010,1995,MINNESOTA,82,12.79,26.06,857.34,78.19,4.12,5.05,3.5
1011,1995,MISSISSIPPI,70,16.05,30.67,1430.29,73.33,17.22,2.32,0.67
1012,1995,MISSOURI,67,14.68,29.03,1118.85,74.77,12.19,2.43,0.71
1013,1995,MONTANA,80,14.01,26.06,571.0,62.88,5.47,4.31,2.79
1014,1995,NEBRASKA,73,14.88,27.96,661.45,61.17,9.67,5.19,3.59
1015,1995,NEVADA,29,18.57,29.7,193.28,35.68,16.59,3.37,2.35
1016,1995,NEW JERSEY,34,14.49,28.68,945.96,76.75,12.16,5.17,3.83
1017,1995,NEW MEXICO,65,18.62,30.35,239.12,44.2,11.45,4.13,2.81
1018,1995,NEW YORK,75,13.25,27.59,927.91,78.78,6.73,2.4,0.34
1019,1995,NORTH CAROLINA,52,15.43,30.03,1439.15,78.88,15.16,3.27,1.93
1020,1995,NORTH DAKOTA,108,12.99,25.67,528.68,69.89,4.98,4.98,3.49
1021,1995,OHIO,62,13.28,28.32,916.9,75.12,9.7,3.64,2.09
1022,1995,OKLAHOMA,76,16.09,30.03,1105.59,70.6,14.9,4.66,3.13
1023,1995,OREGON,52,15.76,27.22,656.24,65.53,7.49,3.95,2.59
1024,1995,PENNSYLVANIA,43,13.2,28.32,915.89,75.21,8.73,2.24,0.25
1025,1995,SOUTH CAROLINA,90,15.94,30.67,1386.39,78.13,16.7,3.24,1.91
1026,1995,SOUTH DAKOTA,85,13.6,26.84,664.06,69.36,7.48,4.87,3.39
1027,1995,TENNESSEE,53,15.2,30.03,1312.03,75.76,14.3,3.09,1.61
1028,1995,TEXAS,106,17.44,31.27,772.64,61.74,18.61,4.46,3.03
1029,1995,UTAH,33,17.14,28.68,452.26,51.06,8.34,3.4,2.23
1030,1995,VERMONT,67,13.02,26.84,1074.68,83.53,4.65,2.27,0.29
1031,1995,VIRGINIA,45,14.57,29.37,1181.37,73.29,12.74,1.78,0.14
1032,1995,WASHINGTON,59,14.14,25.67,523.18,65.01,8.83,3.12,1.97
1033,1995,WEST VIRGINIA,41,13.82,29.03,1043.78,73.21,11.91,1.88,0.17
1034,1995,WISCONSIN,79,12.99,26.84,912.55,78.85,5.38,4.74,3.2
1035,1995,WYOMING,36,15.05,27.22,447.25,56.99,5.92,4.54,3.17
1036,1994,ALABAMA,50,15.08,30.67,1501.11,79.79,16.24,1.92,0.27
1037,1994,ARIZONA,59,18.74,30.35,498.64,48.04,10.65,3.09,1.36
1038,1994,ARKANSAS,71,14.96,30.35,1314.09,76.82,16.11,3.19,1.96
1039,1994,CALIFORNIA,60,18.94,29.7,342.59,47.68,17.22,2.93,1.94
1040,1994,COLORADO,76,16.57,28.68,411.38,46.24,9.03,3.74,2.5
1041,1994,FLORIDA,84,16.11,32.38,1519.99,80.67,22.82,3.31,2.19
1042,1994,GEORGIA,63,15.24,30.67,1574.51,80.16,16.17,2.08,0.44
1043,1994,HAWAII,100,22.65,34.0,275.43,76.86,23.17,7.41,6.32
1044,1994,IDAHO,59,16.3,27.22,296.07,50.66,8.02,3.3,2.09
1045,1994,ILLINOIS,80,14.29,28.32,895.61,77.43,10.36,4.47,3.05
1046,1994,INDIANA,54,13.98,28.32,868.8,76.1,10.07,4.5,3.07
1047,1994,IOWA,66,14.19,27.96,776.1,77.44,8.75,4.63,3.15
1048,1994,KANSAS,47,15.97,29.03,540.85,61.42,13.29,5.05,3.44
1049,1994,KENTUCKY,54,14.26,29.37,1196.99,76.84,12.4,3.04,1.56
1050,1994,LOUISIANA,98,14.84,31.27,1583.83,79.73,18.24,1.82,0.29
1051,1994,MAINE,55,12.82,26.84,1137.06,82.56,5.5,2.27,0.3
1052,1994,MARYLAND,36,14.06,28.68,1180.26,77.7,11.42,3.95,2.57
1053,1994,MICHIGAN,86,13.46,27.59,939.5,77.42,7.8,4.77,3.24
1054,1994,MINNESOTA,79,12.89,26.07,756.26,75.35,4.86,5.09,3.52
1055,1994,MISSISSIPPI,53,15.19,30.67,1530.06,78.76,16.97,2.14,0.61
1056,1994,MISSOURI,77,14.48,29.03,1201.89,77.4,12.43,2.27,0.68
1057,1994,MONTANA,105,14.21,26.07,435.44,59.04,6.25,4.31,2.8
1058,1994,NEBRASKA,55,15.33,27.96,554.1,59.86,10.17,5.1,3.54
1059,1994,NEVADA,54,17.95,29.7,139.73,31.58,16.44,3.44,2.39
1060,1994,NEW JERSEY,33,14.37,28.68,1158.54,80.89,11.75,5.11,3.75
1061,1994,NEW MEXICO,64,18.29,30.35,411.3,43.8,11.58,3.95,2.68
1062,1994,NEW YORK,68,12.47,27.59,1112.74,84.26,5.77,2.4,0.32
1063,1994,NORTH CAROLINA,59,15.23,30.03,1216.48,77.02,15.54,3.63,2.16
1064,1994,NORTH DAKOTA,138,12.92,25.67,573.56,68.24,5.28,5.1,3.56
1065,1994,OHIO,64,13.55,28.32,763.79,73.09,10.0,3.69,2.11
1066,1994,OKLAHOMA,58,15.83,30.03,1036.79,69.15,15.51,4.55,3.07
1067,1994,OREGON,65,16.29,27.22,380.91,61.66,7.44,3.7,2.41
1068,1994,PENNSYLVANIA,47,13.15,28.32,1137.84,79.91,8.0,2.15,0.24
1069,1994,SOUTH CAROLINA,100,15.52,30.67,1372.02,76.73,16.98,3.48,2.06
1070,1994,SOUTH DAKOTA,100,13.89,26.84,530.96,64.93,7.93,4.98,3.47
1071,1994,TENNESSEE,51,14.81,30.03,1545.96,78.91,14.22,2.96,1.54
1072,1994,TEXAS,74,16.72,31.27,848.06,63.1,19.01,4.35,2.97
1073,1994,UTAH,59,16.75,28.68,369.84,46.66,8.85,3.4,2.23
1074,1994,VERMONT,77,12.09,26.84,1063.05,85.34,4.19,2.3,0.27
1075,1994,VIRGINIA,52,14.83,29.37,1154.3,75.05,12.77,1.84,0.14
1076,1994,WASHINGTON,62,13.99,25.67,358.97,61.19,9.59,2.94,1.84
1077,1994,WEST VIRGINIA,44,13.93,29.03,1075.67,74.36,11.84,1.86,0.16
1078,1994,WISCONSIN,71,13.14,26.84,810.9,79.84,5.31,4.6,3.09
1079,1994,WYOMING,69,15.26,27.22,303.21,51.15,7.0,4.55,3.18
1080,1993,ALABAMA,45,15.34,30.66,1151.41,75.05,16.24,1.9,0.27
1081,1993,ARIZONA,77,19.65,30.35,714.94,54.19,9.82,3.26,1.43
1082,1993,ARKANSAS,73,15.24,30.35,1134.67,72.89,16.01,3.42,2.12
1083,1993,CALIFORNIA,90,19.49,29.7,491.54,52.3,17.16,3.0,1.98
1084,1993,COLORADO,73,16.35,28.68,404.82,49.56,7.55,3.77,2.54
1085,1993,FLORIDA,113,16.8,32.38,1293.82,78.65,22.05,3.38,2.23
1086,1993,GEORGIA,56,15.75,30.66,1104.33,72.9,16.51,2.04,0.42
1087,1993,HAWAII,177,23.28,34.0,160.33,74.4,23.18,6.69,5.75
1088,1993,IDAHO,71,16.24,27.22,408.47,58.43,5.55,3.45,2.2
1089,1993,ILLINOIS,48,13.08,28.32,1335.49,84.42,9.59,4.48,3.06
1090,1993,INDIANA,66,12.82,28.32,1089.61,82.52,9.63,4.56,3.12
1091,1993,IOWA,49,13.01,27.96,1399.1,84.58,7.85,4.63,3.17
1092,1993,KANSAS,57,15.13,29.03,985.34,73.15,11.25,4.87,3.3
1093,1993,KENTUCKY,60,13.83,29.37,1087.61,76.7,12.47,3.04,1.56
1094,1993,LOUISIANA,86,15.45,31.27,1345.4,76.8,17.94,1.92,0.3
1095,1993,MAINE,50,13.13,26.84,1107.92,81.0,5.38,2.24,0.31
1096,1993,MARYLAND,27,14.09,28.68,1193.36,75.76,11.81,3.92,2.58
1097,1993,MICHIGAN,77,12.69,27.59,888.22,80.15,7.55,4.76,3.24
1098,1993,MINNESOTA,80,12.88,26.06,821.2,78.14,3.77,4.96,3.42
1099,1993,MISSISSIPPI,61,15.08,30.66,1244.01,75.71,16.73,2.18,0.63
1100,1993,MISSOURI,73,13.91,29.03,1554.64,83.18,11.25,2.34,0.7
1101,1993,MONTANA,98,13.74,26.06,623.2,66.11,4.03,4.33,2.8
1102,1993,NEBRASKA,70,14.62,27.96,739.44,65.9,8.29,5.04,3.49
1103,1993,NEVADA,52,18.74,29.7,282.82,38.54,15.22,3.48,2.41
1104,1993,NEW JERSEY,28,14.28,28.68,1134.89,79.29,11.91,5.05,3.73
1105,1993,NEW MEXICO,64,19.02,30.35,324.99,46.2,10.85,4.06,2.77
1106,1993,NEW YORK,62,12.42,27.59,1095.53,83.16,5.98,2.34,0.32
1107,1993,NORTH CAROLINA,53,15.47,30.03,1184.55,75.8,15.43,3.4,2.03
1108,1993,NORTH DAKOTA,90,12.69,25.67,690.67,69.99,4.37,5.02,3.5
1109,1993,OHIO,66,13.02,28.32,869.04,76.06,10.02,3.72,2.14
1110,1993,OKLAHOMA,67,15.4,30.03,1087.9,75.12,13.97,4.63,3.11
1111,1993,OREGON,67,15.91,27.22,557.97,67.77,5.96,3.65,2.37
1112,1993,PENNSYLVANIA,40,12.92,28.32,1093.25,78.59,8.31,2.17,0.25
1113,1993,SOUTH CAROLINA,90,15.8,30.66,1122.72,73.79,16.96,3.37,2.01
1114,1993,SOUTH DAKOTA,98,13.54,26.84,636.59,68.72,6.66,4.95,3.45
1115,1993,TENNESSEE,51,14.58,30.03,1109.67,74.5,14.4,2.99,1.57
1116,1993,TEXAS,82,17.52,31.27,745.85,63.84,17.86,4.7,3.21
1117,1993,UTAH,53,17.39,28.68,439.66,52.42,7.02,3.46,2.27
1118,1993,VERMONT,82,12.05,26.84,1053.09,84.97,4.08,2.23,0.27
1119,1993,VIRGINIA,54,14.75,29.37,1210.61,73.43,12.93,1.77,0.15
1120,1993,WASHINGTON,45,13.61,25.67,328.6,64.63,7.8,2.93,1.84
1121,1993,WEST VIRGINIA,37,13.39,29.03,893.23,71.93,12.22,1.88,0.17
1122,1993,WISCONSIN,82,12.4,26.84,976.97,83.39,4.51,4.61,3.1
1123,1993,WYOMING,55,15.28,27.22,431.21,58.68,4.48,4.27,2.97
1124,1992,ALABAMA,41,15.18,30.63,1510.9,78.42,15.9,1.91,0.27
1125,1992,ARIZONA,54,18.51,30.32,791.48,57.11,9.84,2.96,1.3
1126,1992,ARKANSAS,65,15.24,30.32,1045.22,74.66,15.98,3.31,2.03
1127,1992,CALIFORNIA,67,18.57,29.67,444.93,50.79,18.14,2.99,1.97
1128,1992,COLORADO,74,16.62,28.64,430.7,49.49,8.38,3.69,2.46
1129,1992,FLORIDA,104,16.49,32.35,1510.39,80.27,21.91,3.36,2.22
1130,1992,GEORGIA,55,14.97,30.63,1476.26,78.2,16.0,2.03,0.42
1131,1992,HAWAII,138,22.26,33.97,291.35,75.61,23.67,6.11,5.26
1132,1992,IDAHO,51,16.53,27.18,289.01,51.3,8.16,3.33,2.11
1133,1992,ILLINOIS,53,13.37,28.28,975.87,77.71,10.17,4.39,2.99
1134,1992,INDIANA,31,12.87,28.28,1164.22,80.99,9.65,4.45,3.03
1135,1992,IOWA,62,13.51,27.92,974.59,78.69,8.69,4.57,3.11
1136,1992,KANSAS,58,15.18,28.99,879.33,67.75,12.58,4.77,3.24
1137,1992,KENTUCKY,30,13.24,29.33,1127.78,80.56,12.0,3.03,1.55
1138,1992,LOUISIANA,107,15.65,31.24,1537.81,79.21,17.94,1.84,0.29
1139,1992,MAINE,22,12.67,26.8,931.44,81.03,5.01,2.19,0.3
1140,1992,MARYLAND,23,12.96,28.64,1055.17,76.49,11.35,4.0,2.63
1141,1992,MICHIGAN,68,12.66,27.55,943.64,78.87,7.52,4.65,3.17
1142,1992,MINNESOTA,90,12.74,26.02,623.96,74.34,4.97,4.96,3.46
1143,1992,MISSISSIPPI,65,15.7,30.63,1282.82,76.64,16.63,2.16,0.61
1144,1992,MISSOURI,73,14.14,28.99,1015.0,75.01,12.44,2.41,0.72
1145,1992,MONTANA,110,14.34,26.02,504.97,58.92,6.29,4.26,2.75
1146,1992,NEBRASKA,75,14.99,27.92,572.88,60.02,9.82,4.99,3.45
1147,1992,NEVADA,65,17.66,29.67,305.1,38.57,16.15,3.33,2.31
1148,1992,NEW JERSEY,22,13.33,28.64,1049.01,78.16,11.53,5.06,3.74
1149,1992,NEW MEXICO,68,18.4,30.32,368.24,50.66,10.51,3.74,2.53
1150,1992,NEW YORK,66,12.29,27.55,1085.06,82.55,5.79,2.38,0.35
1151,1992,NORTH CAROLINA,45,14.52,29.99,1278.96,77.22,15.1,3.43,2.03
1152,1992,NORTH DAKOTA,91,13.36,25.62,365.03,64.24,5.98,4.99,3.49
1153,1992,OHIO,33,12.49,28.28,959.19,78.46,9.62,3.62,2.07
1154,1992,OKLAHOMA,52,15.48,29.99,1273.09,76.96,14.55,4.41,2.94
1155,1992,OREGON,49,16.41,27.18,452.71,60.07,8.49,3.66,2.37
1156,1992,PENNSYLVANIA,41,12.04,28.28,970.64,78.43,8.18,2.2,0.25
1157,1992,SOUTH CAROLINA,69,15.0,30.63,1405.17,77.96,16.4,3.29,1.94
1158,1992,SOUTH DAKOTA,85,13.41,26.8,549.5,64.49,8.14,4.83,3.36
1159,1992,TENNESSEE,43,14.13,29.99,1199.47,79.39,13.87,3.0,1.55
1160,1992,TEXAS,85,17.54,31.24,1002.82,70.1,17.7,4.28,2.89
1161,1992,UTAH,56,17.15,28.64,417.87,49.6,8.44,3.25,2.13
1162,1992,VERMONT,63,12.19,26.8,977.44,84.32,3.72,2.24,0.29
1163,1992,VIRGINIA,38,13.74,29.33,1154.49,75.69,12.41,1.78,0.13
1164,1992,WASHINGTON,44,14.22,25.62,395.25,63.09,9.78,2.89,1.82
1165,1992,WEST VIRGINIA,55,12.78,28.99,981.15,77.07,11.51,1.87,0.16
1166,1992,WISCONSIN,66,12.73,26.8,857.86,80.91,4.9,4.36,2.94
1167,1992,WYOMING,70,15.68,27.18,354.47,53.71,6.4,4.21,2.91
1168,1991,ALABAMA,24,14.59,30.67,1424.15,78.32,16.85,1.86,0.26
1169,1991,ARIZONA,50,19.2,30.35,582.2,49.78,9.94,3.16,1.39
1170,1991,ARKANSAS,79,14.78,30.35,1562.68,77.84,16.46,3.27,2.01
1171,1991,CALIFORNIA,63,19.58,29.7,361.77,47.18,17.3,3.06,2.02
1172,1991,COLORADO,79,16.92,28.68,471.2,48.18,8.2,3.93,2.65
1173,1991,FLORIDA,83,16.23,32.38,1426.04,79.46,22.71,3.36,2.22
1174,1991,GEORGIA,42,14.86,30.67,1310.17,77.16,16.92,1.99,0.41
1175,1991,HAWAII,131,22.63,34.0,324.44,76.98,23.27,6.29,5.4
1176,1991,IDAHO,46,15.98,27.22,387.86,54.32,6.88,3.35,2.13
1177,1991,ILLINOIS,52,14.25,28.32,933.26,76.86,11.19,4.69,3.21
1178,1991,INDIANA,50,13.81,28.32,898.31,77.32,11.15,4.69,3.21
1179,1991,IOWA,59,14.09,27.96,1042.84,76.59,9.25,4.86,3.31
1180,1991,KANSAS,52,16.13,29.03,572.81,58.91,13.86,5.09,3.46
1181,1991,KENTUCKY,25,13.62,29.37,1179.13,77.88,13.4,3.04,1.56
1182,1991,LOUISIANA,70,14.95,31.27,1971.65,81.99,18.28,1.83,0.29
1183,1991,MAINE,42,13.29,26.84,1209.18,82.9,6.1,2.21,0.3
1184,1991,MARYLAND,25,14.07,28.68,904.42,72.59,13.14,3.86,2.53
1185,1991,MICHIGAN,73,13.73,27.59,840.16,77.12,9.06,4.95,3.4
1186,1991,MINNESOTA,91,13.28,26.06,828.72,75.68,5.03,5.25,3.65
1187,1991,MISSISSIPPI,36,14.95,30.67,1827.74,79.11,17.34,2.15,0.61
1188,1991,MISSOURI,65,15.07,29.03,999.8,74.09,13.21,2.43,0.72
1189,1991,MONTANA,92,14.16,26.06,531.69,61.22,5.83,4.56,2.97
1190,1991,NEBRASKA,67,15.42,27.96,553.28,57.67,10.48,5.22,3.62
1191,1991,NEVADA,54,18.25,29.7,156.53,32.88,15.75,3.56,2.48
1192,1991,NEW JERSEY,31,14.12,28.68,1087.55,78.7,12.92,4.96,3.65
1193,1991,NEW MEXICO,77,18.68,30.35,474.08,49.36,10.24,4.2,2.87
1194,1991,NEW YORK,62,13.26,27.59,1000.4,80.98,7.41,2.37,0.33
1195,1991,NORTH CAROLINA,58,15.0,30.03,1187.35,77.41,16.0,3.25,1.91
1196,1991,NORTH DAKOTA,103,13.25,25.67,488.98,63.92,6.61,5.28,3.7
1197,1991,OHIO,61,13.61,28.32,740.69,74.99,11.18,3.7,2.13
1198,1991,OKLAHOMA,70,15.81,30.03,1028.11,68.39,15.71,4.66,3.14
1199,1991,OREGON,46,16.12,27.22,482.55,62.62,7.25,3.74,2.44
1200,1991,PENNSYLVANIA,45,13.25,28.32,829.29,74.44,9.9,2.16,0.25
1201,1991,SOUTH CAROLINA,61,15.13,30.67,1386.86,79.53,17.05,3.12,1.83
1202,1991,SOUTH DAKOTA,101,14.09,26.84,585.63,62.89,8.86,5.18,3.62
1203,1991,TENNESSEE,38,14.22,30.03,1590.43,79.3,14.96,2.91,1.51
1204,1991,TEXAS,78,16.77,31.27,1086.3,65.37,18.29,4.31,2.93
1205,1991,UTAH,34,16.72,28.68,356.87,47.71,7.89,3.45,2.28
1206,1991,VERMONT,75,12.57,26.84,1050.87,84.13,5.14,2.25,0.27
1207,1991,VIRGINIA,33,14.91,29.37,983.05,72.25,13.9,1.76,0.13
1208,1991,WASHINGTON,42,14.0,25.67,368.86,62.96,9.08,3.0,1.89
1209,1991,WEST VIRGINIA,24,13.6,29.03,1127.03,74.49,12.97,1.86,0.17
1210,1991,WISCONSIN,67,12.97,26.84,962.52,79.47,5.65,4.84,3.27
1211,1991,WYOMING,52,14.98,27.22,382.58,55.07,5.91,4.34,3.02
1212,1990,ALABAMA,38,15.99,30.66,1359.29,72.33,17.71,1.92,0.27
1213,1990,ARIZONA,48,19.0,30.35,518.78,48.13,10.36,3.22,1.44
1214,1990,ARKANSAS,84,15.69,30.35,1720.97,75.21,16.95,3.4,2.09
1215,1990,CALIFORNIA,42,19.75,29.7,230.98,44.23,17.41,3.15,2.09
1216,1990,COLORADO,64,16.77,28.68,488.97,46.6,8.56,4.03,2.72
1217,1990,CONNECTICUT,52,13.53,27.96,1356.88,81.22,9.94,2.44,0.46
1218,1990,DELAWARE,11,14.56,29.03,1132.88,79.61,13.91,5.17,3.85
1219,1990,FLORIDA,95,17.37,32.38,1096.81,73.63,23.44,3.29,2.19
1220,1990,GEORGIA,50,16.36,30.66,1104.06,72.97,17.79,2.0,0.43
1221,1990,HAWAII,157,21.67,34.0,758.8,78.44,23.18,6.73,5.76
1222,1990,IDAHO,40,16.3,27.22,356.14,52.32,7.25,3.4,2.17
1223,1990,ILLINOIS,40,13.99,28.32,1299.01,76.12,11.03,4.87,3.32
1224,1990,INDIANA,47,13.68,28.32,1327.1,79.27,10.66,4.76,3.24
1225,1990,IOWA,54,14.24,27.96,1124.16,75.59,9.54,5.0,3.41
1226,1990,KANSAS,67,16.26,29.03,692.43,58.89,13.73,5.42,3.7
1227,1990,KENTUCKY,44,14.23,29.37,1410.19,77.15,13.26,3.21,1.65
1228,1990,LOUISIANA,89,16.21,31.27,1574.71,74.7,19.29,1.91,0.31
1229,1990,MAINE,24,12.85,26.84,1346.21,83.61,6.43,2.22,0.3
1230,1990,MARYLAND,19,13.8,28.68,1205.99,77.0,12.84,4.09,2.68
1231,1990,MASSACHUSETTS,13,13.25,27.59,1346.32,81.15,9.16,2.31,0.23
1232,1990,MICHIGAN,80,13.25,27.59,970.29,76.86,8.86,5.14,3.52
1233,1990,MINNESOTA,74,13.71,26.07,798.85,71.82,5.58,5.23,3.63
1234,1990,MISSISSIPPI,62,15.97,30.66,1532.87,72.48,18.19,2.2,0.63
1235,1990,MISSOURI,63,14.93,29.03,1389.47,74.44,13.1,2.56,0.76
1236,1990,MONTANA,81,14.66,26.07,388.1,56.29,5.94,4.8,3.14
1237,1990,NEBRASKA,56,15.8,27.96,517.79,53.23,10.48,5.1,3.53
1238,1990,NEVADA,58,18.37,29.7,148.3,30.14,16.12,3.56,2.49
1239,1990,NEW HAMPSHIRE,54,12.88,27.22,1292.29,81.74,7.95,2.32,0.35
1240,1990,NEW JERSEY,21,14.12,28.68,1122.2,80.94,12.83,5.1,3.75
1241,1990,NEW MEXICO,71,18.57,30.35,394.9,45.16,10.87,4.17,2.85
1242,1990,NEW YORK,54,12.32,27.59,1329.36,83.77,7.42,2.44,0.33
1243,1990,NORTH CAROLINA,50,15.9,30.03,1065.7,74.01,16.89,3.39,2.01
1244,1990,NORTH DAKOTA,82,14.4,25.67,427.09,57.18,6.78,5.35,3.76
1245,1990,OHIO,51,13.02,28.32,1335.72,80.34,10.43,3.8,2.18
1246,1990,OKLAHOMA,50,16.12,30.03,1195.52,69.54,15.65,4.91,3.31
1247,1990,OREGON,42,16.35,27.22,434.19,61.88,7.25,3.75,2.45
1248,1990,PENNSYLVANIA,28,12.69,28.32,1229.58,79.9,9.43,2.22,0.23
1249,1990,RHODE ISLAND,31,13.59,27.96,1314.93,81.31,10.06,2.7,0.7
1250,1990,SOUTH CAROLINA,41,16.57,30.66,1131.03,72.52,18.43,3.26,1.93
1251,1990,SOUTH DAKOTA,81,14.97,26.84,453.37,56.78,9.09,4.92,3.42
1252,1990,TENNESSEE,33,15.23,30.03,1532.61,74.94,15.41,3.13,1.63
1253,1990,TEXAS,67,17.45,31.27,890.89,61.9,19.06,4.63,3.16
1254,1990,UTAH,37,16.87,28.68,304.32,43.88,8.69,3.57,2.37
1255,1990,VERMONT,65,12.17,26.84,1366.59,85.27,5.44,2.31,0.28
1256,1990,VIRGINIA,34,15.06,29.37,1145.54,74.49,14.02,1.87,0.13
1257,1990,WASHINGTON,55,14.11,25.67,397.93,61.02,9.49,3.27,2.08
1258,1990,WEST VIRGINIA,30,13.83,29.03,1222.41,75.61,12.85,1.96,0.17
1259,1990,WISCONSIN,75,13.64,26.84,950.1,76.97,6.13,5.0,3.39
1260,1990,WYOMING,57,15.48,27.22,311.74,50.2,6.2,4.62,3.25
1261,1989,ALABAMA,20,14.54,30.66,1586.01,80.85,15.57,1.91,0.27
1262,1989,ARIZONA,45,20.13,30.35,345.89,41.81,11.23,3.33,1.46
1263,1989,ARKANSAS,61,14.95,30.35,1444.03,77.86,14.91,3.39,2.09
1264,1989,CALIFORNIA,34,19.46,29.7,207.73,46.91,17.17,3.02,2.01
1265,1989,COLORADO,66,16.95,28.68,366.26,44.29,8.48,3.95,2.66
1266,1989,CONNECTICUT,40,13.05,27.96,1460.45,80.74,8.36,2.39,0.46
1267,1989,DELAWARE,10,13.47,29.02,1489.47,81.57,12.6,5.02,3.77
1268,1989,FLORIDA,60,17.64,32.38,1161.3,72.55,22.88,3.13,2.08
1269,1989,GEORGIA,27,15.04,30.66,1413.59,78.91,15.92,2.03,0.43
1270,1989,HAWAII,135,21.45,34.0,474.39,77.33,23.33,6.11,5.26
1271,1989,IDAHO,54,15.87,27.22,332.77,57.33,6.6,3.19,2.02
1272,1989,ILLINOIS,38,14.34,28.32,755.51,71.66,9.9,4.55,3.11
1273,1989,INDIANA,35,13.83,28.32,1067.48,77.62,9.3,4.44,3.02
1274,1989,IOWA,90,14.66,27.96,668.11,67.49,8.71,4.71,3.23
1275,1989,KANSAS,46,16.2,29.02,672.73,58.32,12.46,5.02,3.43
1276,1989,KENTUCKY,29,13.76,29.37,1464.16,81.35,11.45,3.03,1.55
1277,1989,LOUISIANA,85,15.0,31.27,1718.27,77.86,17.64,1.95,0.3
1278,1989,MAINE,24,12.66,26.84,1137.28,83.43,4.65,2.21,0.3
1279,1989,MARYLAND,16,12.87,28.68,1331.58,79.94,11.13,3.91,2.56
1280,1989,MASSACHUSETTS,23,13.15,27.59,1359.72,80.02,7.59,2.24,0.24
1281,1989,MICHIGAN,70,13.52,27.59,794.26,75.34,7.51,4.7,3.22
1282,1989,MINNESOTA,92,13.66,26.07,621.67,71.4,4.01,5.09,3.54
1283,1989,MISSISSIPPI,33,14.87,30.66,1731.94,80.27,16.07,2.23,0.64
1284,1989,MISSOURI,62,14.87,29.02,768.48,70.93,11.76,2.4,0.71
1285,1989,MONTANA,63,13.89,26.07,584.09,62.9,4.82,4.54,2.95
1286,1989,NEBRASKA,62,15.69,27.96,385.42,53.38,9.54,5.19,3.61
1287,1989,NEVADA,54,18.91,29.7,63.6,25.82,16.86,3.69,2.57
1288,1989,NEW HAMPSHIRE,35,12.73,27.22,1156.21,79.75,6.45,2.3,0.34
1289,1989,NEW JERSEY,23,13.25,28.68,1418.18,81.17,11.62,5.0,3.68
1290,1989,NEW MEXICO,50,19.03,30.35,244.22,40.67,11.67,4.06,2.76
1291,1989,NEW YORK,59,12.31,27.59,1118.09,81.41,5.77,2.41,0.34
1292,1989,NORTH CAROLINA,38,14.46,30.03,1485.98,81.16,14.76,3.5,2.08
1293,1989,NORTH DAKOTA,56,13.9,25.67,350.62,58.79,5.5,5.19,3.65
1294,1989,OHIO,20,12.95,28.32,1064.82,79.01,8.89,3.58,2.05
1295,1989,OKLAHOMA,65,16.38,30.03,964.18,68.52,14.09,4.66,3.14
1296,1989,OREGON,39,16.28,27.22,424.51,63.6,6.83,3.58,2.32
1297,1989,PENNSYLVANIA,39,12.25,28.32,1124.8,79.69,7.87,2.16,0.24
1298,1989,RHODE ISLAND,39,13.19,27.96,1441.85,80.85,8.51,2.63,0.69
1299,1989,SOUTH CAROLINA,19,15.2,30.66,1351.86,77.28,16.51,3.33,1.97
1300,1989,SOUTH DAKOTA,49,14.27,26.84,433.11,59.07,7.72,5.05,3.52
1301,1989,TENNESSEE,25,14.33,30.03,1771.06,82.58,13.21,3.0,1.57
1302,1989,TEXAS,56,17.9,31.27,698.59,58.33,18.13,4.6,3.15
1303,1989,UTAH,44,17.63,28.68,241.88,42.56,8.68,3.6,2.37
1304,1989,VERMONT,61,12.18,26.84,1123.06,84.29,3.62,2.28,0.29
1305,1989,VIRGINIA,20,13.79,29.37,1365.44,79.27,12.12,1.8,0.14
1306,1989,WASHINGTON,46,14.1,25.67,326.84,61.83,8.85,2.94,1.86
1307,1989,WEST VIRGINIA,44,13.04,29.02,1422.3,81.37,10.88,1.85,0.16
1308,1989,WISCONSIN,74,13.81,26.84,633.54,73.15,4.59,4.68,3.18
1309,1989,WYOMING,47,15.27,27.22,332.11,50.82,5.93,4.54,3.18
1310,1988,ALABAMA,42,15.56,30.63,1257.85,73.54,15.88,1.93,0.27
1311,1988,ARIZONA,49,18.72,30.32,524.55,49.98,10.34,3.08,1.34
1312,1988,ARKANSAS,67,15.77,30.32,1176.49,69.59,16.05,3.5,2.17
1313,1988,CALIFORNIA,40,19.02,29.67,272.37,44.6,18.1,3.11,2.06
1314,1988,COLORADO,83,16.29,28.64,373.93,46.38,8.39,4.23,2.86
1315,1988,CONNECTICUT,46,13.44,27.92,1114.28,77.3,8.92,2.42,0.46
1316,1988,DELAWARE,26,14.31,28.99,975.56,76.42,12.4,5.18,3.88
1317,1988,FLORIDA,105,16.75,32.35,1203.54,75.94,21.86,3.56,2.37
1318,1988,GEORGIA,41,15.69,30.63,1037.32,71.37,16.04,2.04,0.43
1319,1988,HAWAII,179,23.18,33.97,364.92,77.16,23.53,6.45,5.54
1320,1988,IDAHO,53,15.95,27.18,365.34,51.35,7.62,3.46,2.2
1321,1988,ILLINOIS,69,15.49,28.28,623.32,64.1,10.85,4.94,3.39
1322,1988,INDIANA,65,14.6,28.28,794.27,68.34,10.26,4.84,3.31
1323,1988,IOWA,129,15.54,27.92,503.99,61.72,9.86,5.1,3.5
1324,1988,KANSAS,69,16.09,28.99,435.4,54.95,13.48,5.2,3.55
1325,1988,KENTUCKY,40,15.21,29.33,1115.98,70.37,12.25,3.15,1.63
1326,1988,LOUISIANA,90,15.94,31.24,1262.71,74.01,17.88,1.99,0.31
1327,1988,MAINE,26,12.47,26.8,1002.83,81.55,5.65,2.28,0.3
1328,1988,MARYLAND,25,14.09,28.64,976.87,72.1,11.52,4.05,2.66
1329,1988,MASSACHUSETTS,18,13.05,27.55,1106.73,77.58,8.13,2.29,0.24
1330,1988,MICHIGAN,73,13.91,27.55,763.57,71.13,8.51,5.22,3.59
1331,1988,MINNESOTA,129,13.93,26.02,599.93,67.61,5.09,5.33,3.7
1332,1988,MISSISSIPPI,66,15.93,30.63,1206.13,71.52,16.78,2.29,0.66
1333,1988,MISSOURI,80,15.92,28.99,969.28,68.96,12.25,2.56,0.77
1334,1988,MONTANA,48,14.41,26.02,377.99,53.44,6.9,4.68,3.06
1335,1988,NEBRASKA,96,15.77,27.92,583.69,55.7,10.22,5.37,3.7
1336,1988,NEVADA,30,18.53,29.67,135.52,32.37,16.37,3.42,2.38
1337,1988,NEW HAMPSHIRE,34,12.5,27.18,1067.11,79.29,6.99,2.35,0.35
1338,1988,NEW JERSEY,31,14.12,28.64,961.7,77.07,11.53,5.12,3.79
1339,1988,NEW MEXICO,57,18.28,30.32,432.49,47.28,10.53,4.03,2.74
1340,1988,NEW YORK,59,12.66,27.55,942.37,79.24,6.31,2.48,0.35
1341,1988,NORTH CAROLINA,46,15.23,29.99,1086.81,73.38,14.61,3.37,1.98
1342,1988,NORTH DAKOTA,66,13.76,25.63,299.14,56.82,6.85,5.35,3.76
1343,1988,OHIO,48,13.63,28.28,844.91,69.06,9.89,3.9,2.24
1344,1988,OKLAHOMA,55,16.36,29.99,872.05,65.36,14.96,4.67,3.13
1345,1988,OREGON,52,16.1,27.18,452.53,60.6,7.65,3.68,2.39
1346,1988,PENNSYLVANIA,46,13.3,28.28,870.7,72.65,8.49,2.27,0.24
1347,1988,RHODE ISLAND,39,13.35,27.92,1114.51,77.79,9.04,2.68,0.7
1348,1988,SOUTH CAROLINA,40,15.59,30.63,988.53,70.24,16.32,3.28,1.94
1349,1988,SOUTH DAKOTA,74,14.69,26.8,384.06,55.83,9.12,5.22,3.65
1350,1988,TENNESSEE,40,15.57,29.99,1153.25,70.65,14.15,3.11,1.62
1351,1988,TEXAS,76,17.86,31.24,541.64,55.03,18.69,4.48,3.06
1352,1988,UTAH,41,16.86,28.64,310.0,46.8,8.44,3.61,2.39
1353,1988,VERMONT,51,11.55,26.8,929.84,84.33,4.22,2.33,0.28
1354,1988,VIRGINIA,56,15.02,29.33,868.22,69.83,12.46,1.82,0.14
1355,1988,WASHINGTON,47,13.84,25.63,300.15,60.93,9.31,3.05,1.93
1356,1988,WEST VIRGINIA,35,14.28,28.99,881.94,67.16,11.79,1.98,0.18
1357,1988,WISCONSIN,99,14.1,26.8,671.85,70.91,5.57,4.95,3.34
1358,1988,WYOMING,71,15.58,27.18,223.54,47.33,6.91,4.53,3.16
1359,1987,ALABAMA,35,16.01,30.67,1186.85,72.21,16.47,1.92,0.27
1360,1987,ARIZONA,47,18.5,30.35,560.41,51.42,9.84,2.87,1.27
1361,1987,ARKANSAS,69,16.05,30.35,1427.52,71.12,16.69,3.29,2.02
1362,1987,CALIFORNIA,33,19.11,29.7,327.56,45.67,17.67,3.09,2.04
1363,1987,COLORADO,73,16.87,28.68,499.69,50.16,8.33,3.86,2.61
1364,1987,CONNECTICUT,34,13.63,27.96,1108.23,80.85,8.76,2.38,0.46
1365,1987,DELAWARE,29,14.57,29.03,999.99,78.56,12.85,5.1,3.82
1366,1987,FLORIDA,79,17.06,32.38,1360.43,77.19,21.93,3.42,2.26
1367,1987,GEORGIA,38,15.97,30.67,1040.99,71.57,16.55,2.01,0.42
1368,1987,HAWAII,190,22.84,34.0,630.92,76.91,23.29,5.95,5.12
1369,1987,IDAHO,60,16.42,27.22,340.12,49.28,8.23,3.27,2.08
1370,1987,ILLINOIS,75,14.57,28.32,783.35,72.38,11.6,4.55,3.1
1371,1987,INDIANA,58,14.12,28.32,882.67,73.45,11.09,4.53,3.08
1372,1987,IOWA,103,14.79,27.96,920.83,76.61,10.22,4.63,3.15
1373,1987,KANSAS,51,16.2,29.03,858.42,67.22,13.24,5.0,3.39
1374,1987,KENTUCKY,25,14.76,29.37,971.19,72.14,13.13,2.99,1.53
1375,1987,LOUISIANA,75,16.27,31.27,1608.97,75.53,18.21,1.84,0.29
1376,1987,MAINE,46,13.13,26.84,1046.22,83.09,5.49,2.26,0.31
1377,1987,MARYLAND,35,13.98,28.68,990.65,75.79,11.96,3.91,2.56
1378,1987,MASSACHUSETTS,15,13.35,27.59,1138.27,81.34,7.88,2.23,0.23
1379,1987,MICHIGAN,68,13.95,27.59,775.77,74.92,9.3,4.72,3.22
1380,1987,MINNESOTA,108,13.56,26.06,519.93,70.72,7.38,4.95,3.44
1381,1987,MISSISSIPPI,60,16.25,30.67,1219.39,71.29,17.32,2.16,0.61
1382,1987,MISSOURI,65,15.31,29.03,980.96,73.27,13.13,2.39,0.71
1383,1987,MONTANA,102,14.61,26.06,420.79,55.71,7.05,4.12,2.65
1384,1987,NEBRASKA,90,15.78,27.96,618.38,60.2,10.54,4.9,3.39
1385,1987,NEVADA,30,18.29,29.7,202.78,34.39,15.93,3.25,2.26
1386,1987,NEW HAMPSHIRE,32,13.0,27.22,1101.41,82.77,6.75,2.3,0.35
1387,1987,NEW JERSEY,34,14.28,28.68,1141.26,81.5,11.68,5.01,3.7
1388,1987,NEW MEXICO,50,18.55,30.35,388.49,51.14,10.17,3.8,2.57
1389,1987,NEW YORK,44,12.82,27.59,1063.43,84.22,6.33,2.3,0.3
1390,1987,NORTH CAROLINA,48,15.28,30.03,1160.99,74.95,15.23,3.3,1.95
1391,1987,NORTH DAKOTA,110,13.91,25.67,449.83,65.3,7.78,4.91,3.42
1392,1987,OHIO,50,13.91,28.32,790.03,73.83,10.7,3.65,2.08
1393,1987,OKLAHOMA,70,16.57,30.03,1141.38,73.56,14.91,4.45,2.96
1394,1987,OREGON,42,16.31,27.22,446.86,60.39,7.87,3.66,2.38
1395,1987,PENNSYLVANIA,39,13.53,28.32,1014.1,78.93,8.83,2.13,0.24
1396,1987,RHODE ISLAND,32,13.65,27.96,1105.48,80.86,8.88,2.62,0.69
1397,1987,SOUTH CAROLINA,34,15.9,30.67,1210.94,74.61,16.52,3.21,1.89
1398,1987,SOUTH DAKOTA,134,14.57,26.84,418.48,62.48,9.9,4.72,3.28
1399,1987,TENNESSEE,55,15.49,30.03,1077.44,72.41,14.81,2.88,1.49
1400,1987,TEXAS,74,17.51,31.27,803.06,65.67,17.68,4.34,2.93
1401,1987,UTAH,48,16.98,28.68,390.37,47.31,8.43,3.25,2.15
1402,1987,VERMONT,46,12.77,26.84,995.82,85.27,4.38,2.22,0.27
1403,1987,VIRGINIA,48,15.23,29.37,1234.27,75.37,12.76,1.78,0.14
1404,1987,WASHINGTON,55,14.6,25.67,354.37,60.11,9.77,2.91,1.83
1405,1987,WEST VIRGINIA,41,14.27,29.03,977.91,72.84,12.3,1.85,0.17
1406,1987,WISCONSIN,97,13.51,26.84,709.54,78.05,7.18,4.55,3.07
1407,1987,WYOMING,74,15.82,27.22,337.38,52.76,6.58,3.97,2.76
