YEAR,STATE,NUMCOL,LBPERCOL,TOTALLB,PRICEPERLB,TOTALPRICE
2019,ALABAMA,7000,42,294000,3.2006802721088436,941000
2019,ARIZONA,23000,46,1058000,1.9697542533081285,2084000
2019,ARKANSAS,20000,55,1100000,1.53,1683000
2019,CALIFORNIA,335000,48,16080000,1.5600124378109452,25085000
2019,COLORADO,32000,46,1472000,2.139945652173913,3150000
2019,FLORIDA,205000,45,9225000,2.48,22878000
2019,GEORGIA,102000,33,3366000,2.6099227569815806,8785000
2019,HAWAII,16000,80,1280000,1.2796875,1638000
2019,IDAHO,92000,32,2944000,1.669836956521739,4916000
2019,ILLINOIS,11000,39,429000,4.31002331002331,1849000
2019,INDIANA,9000,55,495000,3.9494949494949494,1955000
2019,IOWA,38000,55,2090000,2.2401913875598085,4682000
2019,KANSAS,7000,79,553000,2.949367088607595,1631000
2019,KENTUCKY,6000,41,246000,4.5,1107000
2019,LOUISIANA,54000,72,3888000,2.0401234567901234,7932000
2019,MAINE,15000,35,525000,2.92,1533000
2019,MICHIGAN,94000,50,4700000,2.36,11092000
2019,MINNESOTA,118000,59,6962000,1.6299913817868428,11348000
2019,MISSISSIPPI,22000,80,1760000,1.85,3256000
2019,MISSOURI,10000,43,430000,3.3209302325581396,1428000
2019,MONTANA,173000,86,14878000,1.4799704261325446,22019000
2019,NEBRASKA,39000,52,2028000,1.4600591715976332,2961000
2019,NEW JERSEY,15000,28,420000,3.330952380952381,1399000
2019,NEW YORK,59000,58,3422000,4.490064289888954,15365000
2019,NORTH CAROLINA,14000,42,588000,4.059523809523809,2387000
2019,NORTH DAKOTA,520000,65,33800000,1.4,47320000
2019,OHIO,15000,67,1005000,3.4199004975124376,3437000
2019,OREGON,87000,32,2784000,2.070043103448276,5763000
2019,PENNSYLVANIA,19000,50,950000,4.24,4028000
2019,SOUTH CAROLINA,16000,47,752000,5.01063829787234,3768000
2019,SOUTH DAKOTA,270000,72,19440000,1.5299897119341563,29743000
2019,TENNESSEE,8000,57,456000,4.649122807017544,2120000
2019,TEXAS,126000,60,7560000,2.3,17388000
2019,UTAH,22000,29,638000,2.0595611285266457,1314000
2019,VERMONT,6000,48,288000,4.340277777777778,1250000
2019,VIRGINIA,5000,39,195000,7.507692307692308,1464000
2019,WASHINGTON,81000,35,2835000,2.119929453262787,6010000
2019,WEST VIRGINIA,6000,37,222000,4.5,999000
2019,WISCONSIN,46000,47,2162000,2.9898242368177614,6464000
2019,WYOMING,39000,56,2184000,1.34981684981685,2948000
2018,ALABAMA,6000,45,270000,3.7185185185185183,1004000
2018,ARIZONA,24000,38,912000,3.0098684210526314,2745000
2018,ARKANSAS,28000,50,1400000,1.88,2632000
2018,CALIFORNIA,335000,41,13735000,2.1100109210047324,28981000
2018,COLORADO,31000,48,1488000,2.049731182795699,3050000
2018,FLORIDA,215000,49,10535000,2.4,25284000
2018,GEORGIA,98000,34,3332000,2.7599039615846337,9196000
2018,HAWAII,17000,103,1751000,1.920045688178184,3362000
2018,IDAHO,96000,31,2976000,1.960013440860215,5833000
2018,ILLINOIS,11000,41,451000,4.829268292682927,2178000
2018,INDIANA,7000,46,322000,3.580745341614907,1153000
2018,IOWA,38000,49,1862000,2.4001074113856067,4469000
2018,KANSAS,5000,73,365000,3.1013698630136988,1132000
2018,KENTUCKY,4000,41,164000,5.432926829268292,891000
2018,LOUISIANA,45000,83,3735000,1.9100401606425703,7134000
2018,MAINE,12000,32,384000,2.9791666666666665,1144000
2018,MICHIGAN,97000,44,4268000,2.489925023430178,10627000
2018,MINNESOTA,119000,61,7259000,1.9399366303898609,14082000
2018,MISSISSIPPI,20000,87,1740000,2.0701149425287357,3602000
2018,MISSOURI,9000,45,405000,2.8296296296296295,1146000
2018,MONTANA,160000,92,14720000,1.9,27968000
2018,NEBRASKA,40000,59,2360000,2.010169491525424,4744000
2018,NEW JERSEY,13000,31,403000,7.4689826302729525,3010000
2018,NEW YORK,56000,48,2688000,3.239955357142857,8709000
2018,NORTH CAROLINA,10000,33,330000,5.760606060606061,1901000
2018,NORTH DAKOTA,550000,72,39600000,1.87,74052000
2018,OHIO,14000,73,1022000,3.720156555772994,3802000
2018,OREGON,93000,35,3255000,2.3600614439324117,7682000
2018,PENNSYLVANIA,19000,44,836000,3.889952153110048,3252000
2018,SOUTH CAROLINA,16000,48,768000,3.1705729166666665,2435000
2018,SOUTH DAKOTA,255000,47,11985000,1.90997079682937,22891000
2018,TENNESSEE,7000,46,322000,4.108695652173913,1323000
2018,TEXAS,132000,56,7392000,2.119994588744589,15671000
2018,UTAH,26000,41,1066000,2.100375234521576,2239000
2018,VERMONT,7000,48,336000,3.7589285714285716,1263000
2018,VIRGINIA,4000,40,160000,7.2375,1158000
2018,WASHINGTON,77000,43,3311000,2.1501057082452433,7119000
2018,WEST VIRGINIA,6000,37,222000,4.328828828828829,961000
2018,WISCONSIN,51000,45,2295000,2.9498910675381262,6770000
2018,WYOMING,39000,56,2184000,1.909798534798535,4171000
2017,ALABAMA,7000,45,315000,2.8793650793650793,907000
2017,ARIZONA,22000,40,880000,1.9897727272727272,1751000
2017,ARKANSAS,29000,68,1972000,1.970081135902637,3885000
2017,CALIFORNIA,335000,41,13735000,2.1600291226792865,29668000
2017,COLORADO,33000,43,1419000,2.0902043692741366,2966000
2017,FLORIDA,205000,43,8815000,2.370051049347703,20892000
2017,GEORGIA,99000,32,3168000,3.0,9504000
2017,HAWAII,19000,131,2489000,1.529931699477702,3808000
2017,IDAHO,95000,44,4180000,1.7899521531100477,7482000
2017,ILLINOIS,11000,46,506000,5.090909090909091,2576000
2017,INDIANA,8000,52,416000,3.610576923076923,1502000
2017,IOWA,35000,58,2030000,2.2600985221674876,4588000
2017,KANSAS,7000,79,553000,4.030741410488246,2229000
2017,KENTUCKY,5000,38,190000,4.131578947368421,785000
2017,LOUISIANA,43000,81,3483000,1.9299454493252943,6722000
2017,MAINE,12000,33,396000,5.0,1980000
2017,MICHIGAN,87000,45,3915000,2.4199233716475095,9474000
2017,MINNESOTA,126000,62,7812000,1.9299795186891961,15077000
2017,MISSISSIPPI,18000,86,1548000,1.819767441860465,2817000
2017,MISSOURI,8000,65,520000,3.7,1924000
2017,MONTANA,145000,72,10440000,2.240038314176245,23386000
2017,NEBRASKA,42000,63,2646000,1.91005291005291,5054000
2017,NEW JERSEY,13000,28,364000,8.739010989010989,3181000
2017,NEW YORK,57000,56,3192000,3.030075187969925,9672000
2017,NORTH CAROLINA,11000,41,451000,4.580931263858093,2066000
2017,NORTH DAKOTA,455000,74,33670000,1.91000891000891,64310000
2017,OHIO,15000,73,1095000,3.2401826484018263,3548000
2017,OREGON,78000,40,3120000,2.1,6552000
2017,PENNSYLVANIA,16000,46,736000,3.5095108695652173,2583000
2017,SOUTH CAROLINA,16000,34,544000,2.7003676470588234,1469000
2017,SOUTH DAKOTA,255000,57,14535000,2.069969040247678,30087000
2017,TENNESSEE,7000,41,287000,4.571428571428571,1312000
2017,TEXAS,120000,66,7920000,2.169949494949495,17186000
2017,UTAH,27000,31,837000,2.080047789725209,1741000
2017,VERMONT,7000,54,378000,4.021164021164021,1520000
2017,VIRGINIA,6000,35,210000,5.771428571428571,1212000
2017,WASHINGTON,77000,45,3465000,2.44011544011544,8455000
2017,WEST VIRGINIA,6000,40,240000,3.9291666666666667,943000
2017,WISCONSIN,53000,56,2968000,2.820080862533693,8370000
2017,WYOMING,39000,53,2067000,1.610062893081761,3328000
2016,ALABAMA,7000,52,364000,3.4505494505494507,1256000
2016,ARIZONA,27000,46,1242000,1.9702093397745573,2447000
2016,ARKANSAS,24000,69,1656000,1.8502415458937198,3064000
2016,CALIFORNIA,310000,36,11160000,2.0399641577060934,22766000
2016,COLORADO,32000,40,1280000,2.23984375,2867000
2016,FLORIDA,215000,50,10750000,2.430046511627907,26123000
2016,GEORGIA,96000,39,3744000,2.6899038461538463,10071000
2016,HAWAII,18000,113,2034000,2.3102261553588987,4699000
2016,IDAHO,97000,34,3298000,1.8198908429351122,6002000
2016,ILLINOIS,10000,48,480000,5.420833333333333,2602000
2016,INDIANA,8000,62,496000,3.4596774193548385,1716000
2016,IOWA,37000,48,1776000,2.079954954954955,3694000
2016,KANSAS,7000,48,336000,3.0386904761904763,1021000
2016,KENTUCKY,5000,46,230000,4.021739130434782,925000
2016,LOUISIANA,50000,86,4300000,1.94,8342000
2016,MAINE,12000,34,408000,3.3799019607843137,1379000
2016,MICHIGAN,89000,60,5340000,2.3700374531835204,12656000
2016,MINNESOTA,124000,59,7316000,1.689994532531438,12364000
2016,MISSISSIPPI,19000,85,1615000,1.730030959752322,2794000
2016,MISSOURI,8000,62,496000,2.310483870967742,1146000
2016,MONTANA,159000,77,12243000,1.7699910152740341,21670000
2016,NEBRASKA,48000,46,2208000,1.9098731884057971,4217000
2016,NEW JERSEY,12000,27,324000,7.089506172839506,2297000
2016,NEW YORK,64000,57,3648000,3.189967105263158,11637000
2016,NORTH CAROLINA,12000,37,444000,4.7792792792792795,2122000
2016,NORTH DAKOTA,485000,78,37830000,1.8500132170235264,69986000
2016,OHIO,15000,79,1185000,3.929957805907173,4657000
2016,OREGON,74000,35,2590000,1.91003861003861,4947000
2016,PENNSYLVANIA,19000,50,950000,3.0305263157894737,2879000
2016,SOUTH CAROLINA,16000,45,720000,4.569444444444445,3290000
2016,SOUTH DAKOTA,280000,71,19880000,1.7600100603621731,34989000
2016,TENNESSEE,6000,55,330000,4.878787878787879,1610000
2016,TEXAS,133000,70,9310000,2.0800214822771212,19365000
2016,UTAH,31000,32,992000,1.9304435483870968,1915000
2016,VERMONT,6000,52,312000,3.641025641025641,1136000
2016,VIRGINIA,5000,38,190000,5.852631578947369,1112000
2016,WASHINGTON,84000,35,2940000,1.9901360544217688,5851000
2016,WEST VIRGINIA,5000,32,160000,3.91875,627000
2016,WISCONSIN,54000,62,3348000,2.669952210274791,8939000
2016,WYOMING,40000,68,2720000,1.7801470588235293,4842000
2015,ALABAMA,7000,47,329000,3.8297872340425534,1260000
2015,ARIZONA,26000,49,1274000,2.0298273155416013,2586000
2015,ARKANSAS,24000,72,1728000,2.060185185185185,3560000
2015,CALIFORNIA,275000,30,8250000,2.030060606060606,16748000
2015,COLORADO,29000,51,1479000,2.260311020960108,3343000
2015,FLORIDA,220000,54,11880000,1.97003367003367,23404000
2015,GEORGIA,69000,40,2760000,2.430072463768116,6707000
2015,HAWAII,16000,102,1632000,1.9099264705882353,3117000
2015,IDAHO,89000,32,2848000,1.930126404494382,5497000
2015,ILLINOIS,8000,51,408000,4.659313725490196,1901000
2015,INDIANA,6000,53,318000,3.229559748427673,1027000
2015,IOWA,36000,50,1800000,2.2,3960000
2015,KANSAS,8000,36,288000,3.5,1008000
2015,KENTUCKY,5000,46,230000,4.039130434782609,929000
2015,LOUISIANA,44000,99,4356000,1.9499540863177227,8494000
2015,MAINE,10000,47,470000,5.4297872340425535,2552000
2015,MICHIGAN,90000,58,5220000,2.4400383141762454,12737000
2015,MINNESOTA,122000,68,8296000,1.8400433944069432,15265000
2015,MISSISSIPPI,15000,83,1245000,2.4,2988000
2015,MISSOURI,10000,52,520000,3.55,1846000
2015,MONTANA,146000,83,12118000,1.9400066017494637,23509000
2015,NEBRASKA,57000,48,2736000,2.0398391812865495,5581000
2015,NEW JERSEY,12000,27,324000,4.200617283950617,1361000
2015,NEW YORK,58000,62,3596000,2.939933259176863,10572000
2015,NORTH CAROLINA,12000,45,540000,4.5092592592592595,2435000
2015,NORTH DAKOTA,490000,74,36260000,1.8,65268000
2015,OHIO,17000,50,850000,3.6,3060000
2015,OREGON,71000,38,2698000,2.429948109710897,6556000
2015,PENNSYLVANIA,17000,53,901000,3.6204217536071033,3262000
2015,SOUTH CAROLINA,14000,67,938000,4.100213219616204,3846000
2015,SOUTH DAKOTA,290000,66,19140000,1.7900208986415882,34261000
2015,TENNESSEE,7000,59,413000,4.041162227602905,1669000
2015,TEXAS,126000,66,8316000,2.1000481000481,17464000
2015,UTAH,27000,42,1134000,1.9197530864197532,2177000
2015,VERMONT,5000,52,260000,4.230769230769231,1100000
2015,VIRGINIA,5000,37,185000,5.52972972972973,1023000
2015,WASHINGTON,73000,44,3212000,1.8001245330012454,5782000
2015,WEST VIRGINIA,5000,35,175000,4.44,777000
2015,WISCONSIN,52000,67,3484000,2.4299655568312284,8466000
2015,WYOMING,38000,77,2926000,1.8998632946001368,5559000
2014,ALABAMA,7000,53,371000,3.5309973045822103,1310000
2014,ARIZONA,26000,39,1014000,1.9201183431952662,1947000
2014,ARKANSAS,21000,65,1365000,2.04029304029304,2785000
2014,CALIFORNIA,320000,39,12480000,2.060016025641026,25709000
2014,COLORADO,27000,37,999000,2.11011011011011,2108000
2014,FLORIDA,245000,60,14700000,2.08,30576000
2014,GEORGIA,73000,62,4526000,2.190013256738842,9912000
2014,HAWAII,15000,93,1395000,2.2903225806451615,3195000
2014,IDAHO,100000,34,3400000,2.03,6902000
2014,ILLINOIS,8000,49,392000,4.10969387755102,1611000
2014,INDIANA,5000,62,310000,3.1903225806451614,989000
2014,IOWA,35000,43,1505000,2.4099667774086377,3627000
2014,KANSAS,7000,75,525000,2.380952380952381,1250000
2014,KENTUCKY,5000,47,235000,3.9617021276595743,931000
2014,LOUISIANA,48000,84,4032000,2.1800595238095237,8790000
2014,MAINE,8000,47,376000,4.98936170212766,1876000
2014,MICHIGAN,91000,63,5733000,2.4899703471132044,14275000
2014,MINNESOTA,132000,60,7920000,2.0599747474747474,16315000
2014,MISSISSIPPI,20000,112,2240000,2.0098214285714286,4502000
2014,MISSOURI,12000,47,564000,3.629432624113475,2047000
2014,MONTANA,162000,88,14256000,2.089997194163861,29795000
2014,NEBRASKA,50000,75,3750000,2.04,7650000
2014,NEW JERSEY,12000,30,360000,3.1305555555555555,1127000
2014,NEW YORK,60000,55,3300000,2.83,9339000
2014,NORTH CAROLINA,12000,43,516000,3.49031007751938,1801000
2014,NORTH DAKOTA,490000,86,42140000,1.9900094921689606,83859000
2014,OHIO,15000,61,915000,3.580327868852459,3276000
2014,OREGON,71000,40,2840000,2.2,6248000
2014,PENNSYLVANIA,17000,46,782000,2.9104859335038364,2276000
2014,SOUTH CAROLINA,9000,54,486000,3.9691358024691357,1929000
2014,SOUTH DAKOTA,280000,87,24360000,2.080008210180624,50669000
2014,TENNESSEE,7000,63,441000,3.759637188208617,1658000
2014,TEXAS,116000,78,9048000,2.240053050397878,20268000
2014,UTAH,29000,28,812000,2.1305418719211824,1730000
2014,VERMONT,4000,58,232000,4.887931034482759,1134000
2014,VIRGINIA,6000,38,228000,4.6798245614035086,1067000
2014,WASHINGTON,68000,44,2992000,2.6099598930481283,7809000
2014,WEST VIRGINIA,6000,31,186000,4.06989247311828,757000
2014,WISCONSIN,53000,54,2862000,2.380153738644305,6812000
2014,WYOMING,38000,61,2318000,2.0798101811906817,4821000
2013,ALABAMA,7000,52,364000,2.848901098901099,1037000
2013,ARIZONA,29000,36,1044000,1.9597701149425288,2046000
2013,ARKANSAS,22000,60,1320000,2.0196969696969695,2666000
2013,CALIFORNIA,330000,33,10890000,2.1100091827364555,22978000
2013,COLORADO,26000,43,1118000,2.1001788908765655,2348000
2013,FLORIDA,220000,61,13420000,2.0300298062593143,27243000
2013,GEORGIA,67000,50,3350000,2.26,7571000
2013,HAWAII,13000,83,1079000,1.9703429101019463,2126000
2013,IDAHO,83000,32,2656000,2.0199548192771086,5365000
2013,ILLINOIS,7000,48,336000,4.190476190476191,1408000
2013,INDIANA,6000,47,282000,2.769503546099291,781000
2013,IOWA,39000,48,1872000,2.449786324786325,4586000
2013,KANSAS,6000,46,276000,2.5,690000
2013,KENTUCKY,3000,41,123000,3.252032520325203,400000
2013,LOUISIANA,50000,98,4900000,1.89,9261000
2013,MAINE,7000,43,301000,3.13953488372093,945000
2013,MICHIGAN,85000,55,4675000,2.16,10098000
2013,MINNESOTA,130000,58,7540000,1.990053050397878,15005000
2013,MISSISSIPPI,17000,116,1972000,1.8600405679513186,3668000
2013,MISSOURI,10000,47,470000,2.619148936170213,1231000
2013,MONTANA,159000,94,14946000,2.0899906329452698,31237000
2013,NEBRASKA,46000,60,2760000,2.069927536231884,5713000
2013,NEW JERSEY,11000,44,484000,4.190082644628099,2028000
2013,NEW YORK,55000,48,2640000,2.1200757575757576,5597000
2013,NORTH CAROLINA,10000,38,380000,3.6710526315789473,1395000
2013,NORTH DAKOTA,480000,69,33120000,2.040006038647343,67565000
2013,OHIO,17000,45,765000,3.2901960784313724,2517000
2013,OREGON,62000,35,2170000,2.3898617511520737,5186000
2013,PENNSYLVANIA,13000,45,585000,3.0307692307692307,1773000
2013,SOUTH DAKOTA,265000,56,14840000,2.0700134770889487,30719000
2013,TENNESSEE,7000,45,315000,3.549206349206349,1118000
2013,TEXAS,106000,59,6254000,2.099936040933802,13133000
2013,UTAH,30000,34,1020000,2.0901960784313727,2132000
2013,VERMONT,4000,51,204000,3.892156862745098,794000
2013,VIRGINIA,5000,35,175000,4.502857142857143,788000
2013,WASHINGTON,69000,39,2691000,2.299888517279822,6189000
2013,WEST VIRGINIA,6000,46,276000,3.6594202898550723,1010000
2013,WISCONSIN,59000,60,3540000,2.3799435028248586,8425000
2013,WYOMING,47000,66,3102000,2.1099290780141846,6545000
2012,ALABAMA,8000,54,432000,2.4699074074074074,1067000
2012,ARIZONA,22000,46,1012000,1.7895256916996047,1811000
2012,ARKANSAS,25000,63,1575000,1.9803174603174603,3119000
2012,CALIFORNIA,330000,35,11550000,1.94,22407000
2012,COLORADO,25000,48,1200000,2.07,2484000
2012,FLORIDA,193000,64,12352000,1.8400259067357514,22728000
2012,GEORGIA,59000,51,3009000,1.919906945829179,5777000
2012,HAWAII,10000,75,750000,4.150666666666667,3113000
2012,IDAHO,92000,32,2944000,1.630095108695652,4799000
2012,ILLINOIS,7000,61,427000,3.550351288056206,1516000
2012,INDIANA,8000,59,472000,2.5402542372881354,1199000
2012,IOWA,37000,61,2257000,2.1701373504652195,4898000
2012,KANSAS,6000,55,330000,2.278787878787879,752000
2012,KENTUCKY,5000,51,255000,3.149019607843137,803000
2012,LOUISIANA,41000,86,3526000,1.8301191151446399,6453000
2012,MAINE,4000,34,136000,2.389705882352941,325000
2012,MICHIGAN,73000,57,4161000,2.0300408555635663,8447000
2012,MINNESOTA,125000,67,8375000,1.92,16080000
2012,MISSISSIPPI,18000,118,2124000,1.7697740112994351,3759000
2012,MISSOURI,7000,53,371000,2.8005390835579513,1039000
2012,MONTANA,145000,52,7540000,1.95,14703000
2012,NEBRASKA,43000,65,2795000,1.9298747763864044,5394000
2012,NEW JERSEY,14000,33,462000,1.9696969696969697,910000
2012,NEW MEXICO,5000,52,260000,3.3884615384615384,881000
2012,NEW YORK,51000,51,2601000,2.229911572472126,5800000
2012,NORTH CAROLINA,13000,39,507000,3.7593688362919133,1906000
2012,NORTH DAKOTA,480000,69,33120000,1.919987922705314,63590000
2012,OHIO,18000,60,1080000,2.460185185185185,2657000
2012,OREGON,60000,32,1920000,2.159895833333333,4147000
2012,PENNSYLVANIA,16000,60,960000,2.5697916666666667,2467000
2012,SOUTH DAKOTA,260000,63,16380000,1.95,31941000
2012,TENNESSEE,6000,61,366000,2.92896174863388,1072000
2012,TEXAS,92000,52,4784000,2.0,9568000
2012,UTAH,25000,38,950000,1.8705263157894736,1777000
2012,VERMONT,4000,60,240000,2.3916666666666666,574000
2012,VIRGINIA,4000,41,164000,3.768292682926829,618000
2012,WASHINGTON,62000,41,2542000,2.3800157356412273,6050000
2012,WEST VIRGINIA,6000,48,288000,2.9097222222222223,838000
2012,WISCONSIN,60000,69,4140000,2.05,8487000
2012,WYOMING,50000,51,2550000,1.8701960784313725,4769000
2011,ALABAMA,9000,50,450000,2.511111111111111,1130000
2011,ARIZONA,23000,53,1219000,1.549630844954881,1889000
2011,ARKANSAS,22000,64,1408000,1.6200284090909092,2281000
2011,CALIFORNIA,370000,48,17760000,1.65,29304000
2011,COLORADO,31000,55,1705000,2.0,3410000
2011,FLORIDA,180000,61,10980000,1.6799635701275046,18446000
2011,GEORGIA,65000,43,2795000,1.6500894454382826,4612000
2011,HAWAII,9000,74,666000,3.65015015015015,2431000
2011,IDAHO,87000,36,3132000,1.7800127713920817,5575000
2011,ILLINOIS,7000,50,350000,3.9,1365000
2011,INDIANA,8000,51,408000,2.139705882352941,873000
2011,IOWA,25000,62,1550000,1.96,3038000
2011,KANSAS,7000,44,308000,2.1493506493506493,662000
2011,KENTUCKY,4000,39,156000,3.173076923076923,495000
2011,LOUISIANA,36000,77,2772000,1.66991341991342,4629000
2011,MAINE,4000,30,120000,1.9833333333333334,238000
2011,MICHIGAN,74000,64,4736000,1.8099662162162162,8572000
2011,MINNESOTA,120000,53,6360000,1.6300314465408805,10367000
2011,MISSISSIPPI,18000,115,2070000,1.529951690821256,3167000
2011,MISSOURI,8000,43,344000,2.13953488372093,736000
2011,MONTANA,145000,92,13340000,1.7,22678000
2011,NEBRASKA,41000,59,2419000,1.749896651508888,4233000
2011,NEW JERSEY,11000,41,451000,3.7006651884700665,1669000
2011,NEW MEXICO,7000,56,392000,1.6887755102040816,662000
2011,NEW YORK,49000,56,2744000,1.9599125364431487,5378000
2011,NORTH CAROLINA,14000,62,868000,2.8294930875576036,2456000
2011,NORTH DAKOTA,460000,71,32660000,1.669993876301286,54542000
2011,OHIO,15000,66,990000,2.3404040404040405,2317000
2011,OREGON,60000,34,2040000,1.6799019607843138,3427000
2011,PENNSYLVANIA,24000,44,1056000,2.550189393939394,2693000
2011,SOUTH DAKOTA,250000,66,16500000,1.7,28050000
2011,TENNESSEE,7000,44,308000,2.9285714285714284,902000
2011,TEXAS,78000,58,4524000,1.7800618921308577,8053000
2011,UTAH,23000,39,897000,1.750278706800446,1570000
2011,VERMONT,4000,43,172000,2.308139534883721,397000
2011,VIRGINIA,4000,40,160000,4.06875,651000
2011,WASHINGTON,71000,38,2698000,1.929948109710897,5207000
2011,WEST VIRGINIA,4000,53,212000,2.5707547169811322,545000
2011,WISCONSIN,57000,63,3591000,1.8900027847396268,6787000
2011,WYOMING,35000,54,1890000,1.7201058201058201,3251000
2010,ALABAMA,9000,54,486000,2.39917695473251,1166000
2010,ARIZONA,24000,77,1848000,1.520021645021645,2809000
2010,ARKANSAS,25000,60,1500000,1.47,2205000
2010,CALIFORNIA,410000,67,27470000,1.550018201674554,42579000
2010,COLORADO,34000,56,1904000,1.5199579831932772,2894000
2010,FLORIDA,200000,69,13800000,1.56,21528000
2010,GEORGIA,55000,46,2530000,1.6699604743083003,4225000
2010,HAWAII,10000,77,770000,2.7506493506493506,2118000
2010,IDAHO,97000,27,2619000,1.6101565483008782,4217000
2010,ILLINOIS,9000,41,369000,2.7804878048780486,1026000
2010,INDIANA,10000,43,430000,2.230232558139535,959000
2010,IOWA,27000,49,1323000,1.9198790627362057,2540000
2010,KANSAS,9000,52,468000,2.019230769230769,945000
2010,KENTUCKY,5000,67,335000,2.719402985074627,911000
2010,LOUISIANA,36000,80,2880000,1.5,4320000
2010,MAINE,5000,41,205000,2.048780487804878,420000
2010,MICHIGAN,71000,58,4118000,1.6699854298203012,6877000
2010,MINNESOTA,128000,66,8448000,1.5499526515151516,13094000
2010,MISSISSIPPI,16000,98,1568000,1.4400510204081634,2258000
2010,MISSOURI,11000,52,572000,1.8006993006993006,1030000
2010,MONTANA,157000,74,11618000,1.5799621277328284,18356000
2010,NEBRASKA,41000,55,2255000,1.5099778270509978,3405000
2010,NEW JERSEY,13000,35,455000,1.901098901098901,865000
2010,NEW MEXICO,7000,66,462000,1.58008658008658,730000
2010,NEW YORK,45000,64,2880000,1.9600694444444444,5645000
2010,NORTH CAROLINA,13000,46,598000,2.660535117056856,1591000
2010,NORTH DAKOTA,510000,91,46410000,1.5,69615000
2010,OHIO,18000,62,1116000,2.2795698924731185,2544000
2010,OREGON,59000,39,2301000,1.630160799652325,3751000
2010,PENNSYLVANIA,30000,37,1110000,2.1297297297297297,2364000
2010,SOUTH DAKOTA,265000,58,15370000,1.5100195185426155,23209000
2010,TENNESSEE,8000,63,504000,2.5,1260000
2010,TEXAS,100000,72,7200000,1.51,10872000
2010,UTAH,26000,30,780000,1.5294871794871794,1193000
2010,VERMONT,4000,65,260000,3.1,806000
2010,VIRGINIA,5000,37,185000,3.3189189189189188,614000
2010,WASHINGTON,71000,37,2627000,1.5698515416825276,4124000
2010,WEST VIRGINIA,5000,40,200000,2.39,478000
2010,WISCONSIN,64000,64,4096000,1.679931640625,6881000
2010,WYOMING,34000,36,1224000,1.5898692810457515,1946000
2009,ALABAMA,9000,50,450000,1.86,837000
2009,ARIZONA,20000,52,1040000,1.45,1508000
2009,ARKANSAS,24000,57,1368000,1.4203216374269005,1943000
2009,CALIFORNIA,355000,33,11715000,1.3900128040973112,16284000
2009,COLORADO,28000,53,1484000,1.4299191374663074,2122000
2009,FLORIDA,170000,68,11560000,1.4199826989619377,16415000
2009,GEORGIA,65000,41,2665000,1.4701688555347092,3918000
2009,HAWAII,10000,95,950000,1.76,1672000
2009,IDAHO,103000,46,4738000,1.5200506542845083,7202000
2009,ILLINOIS,8000,34,272000,2.551470588235294,694000
2009,INDIANA,9000,32,288000,2.0208333333333335,582000
2009,IOWA,26000,42,1092000,1.59981684981685,1747000
2009,KANSAS,9000,63,567000,1.8500881834215168,1049000
2009,KENTUCKY,5000,35,175000,2.7085714285714286,474000
2009,LOUISIANA,37000,103,3811000,1.360010495932826,5183000
2009,MAINE,6000,50,300000,1.95,585000
2009,MICHIGAN,66000,60,3960000,1.55,6138000
2009,MINNESOTA,122000,65,7930000,1.4399747793190416,11419000
2009,MISSISSIPPI,14000,104,1456000,1.320054945054945,1922000
2009,MISSOURI,11000,47,517000,1.990328820116054,1029000
2009,MONTANA,146000,70,10220000,1.4599804305283757,14921000
2009,NEBRASKA,48000,56,2688000,1.4598214285714286,3924000
2009,NEW JERSEY,11000,32,352000,2.3607954545454546,831000
2009,NEW MEXICO,7000,60,420000,1.5904761904761904,668000
2009,NEW YORK,45000,65,2925000,1.92991452991453,5645000
2009,NORTH CAROLINA,11000,45,495000,2.56969696969697,1272000
2009,NORTH DAKOTA,450000,77,34650000,1.38,47817000
2009,OHIO,11000,50,550000,2.810909090909091,1546000
2009,OREGON,55000,34,1870000,1.5401069518716577,2880000
2009,PENNSYLVANIA,21000,40,840000,2.0297619047619047,1705000
2009,SOUTH DAKOTA,270000,66,17820000,1.4199775533108867,25304000
2009,TENNESSEE,7000,51,357000,2.369747899159664,846000
2009,TEXAS,89000,63,5607000,1.390048154093098,7794000
2009,UTAH,26000,38,988000,1.459514170040486,1442000
2009,VERMONT,5000,49,245000,2.0081632653061225,492000
2009,VIRGINIA,6000,39,234000,3.448717948717949,807000
2009,WASHINGTON,62000,44,2728000,1.5799120234604105,4310000
2009,WEST VIRGINIA,5000,37,185000,2.6,481000
2009,WISCONSIN,63000,60,3780000,1.57989417989418,5972000
2009,WYOMING,37000,48,1776000,1.4301801801801801,2540000
2008,ALABAMA,9000,66,594000,1.9006734006734007,1129000
2008,ARIZONA,25000,64,1600000,1.26,2016000
2008,ARKANSAS,28000,75,2100000,1.35,2835000
2008,CALIFORNIA,360000,51,18360000,1.3899782135076253,25520000
2008,COLORADO,27000,45,1215000,1.5102880658436213,1835000
2008,FLORIDA,150000,79,11850000,1.32,15642000
2008,GEORGIA,65000,71,4615000,1.5200433369447455,7015000
2008,HAWAII,10000,90,900000,1.59,1431000
2008,IDAHO,90000,40,3600000,1.46,5256000
2008,ILLINOIS,8000,56,448000,2.5892857142857144,1160000
2008,INDIANA,7000,67,469000,1.6801705756929637,788000
2008,IOWA,24000,62,1488000,1.57997311827957,2351000
2008,KANSAS,10000,61,610000,1.5508196721311476,946000
2008,KENTUCKY,4000,39,156000,2.4423076923076925,381000
2008,LOUISIANA,40000,77,3080000,1.360064935064935,4189000
2008,MAINE,7000,42,294000,1.5714285714285714,462000
2008,MICHIGAN,71000,73,5183000,1.4400926104572642,7464000
2008,MINNESOTA,122000,78,9516000,1.3899747793190416,13227000
2008,MISSISSIPPI,14000,98,1372000,1.3002915451895043,1784000
2008,MISSOURI,11000,53,583000,1.679245283018868,979000
2008,MONTANA,134000,70,9380000,1.370042643923241,12851000
2008,NEBRASKA,36000,67,2412000,1.4498341625207296,3497000
2008,NEVADA,10000,29,290000,1.4206896551724137,412000
2008,NEW JERSEY,9000,40,360000,1.6194444444444445,583000
2008,NEW MEXICO,6000,48,288000,1.4791666666666667,426000
2008,NEW YORK,50000,70,3500000,1.65,5775000
2008,NORTH CAROLINA,12000,52,624000,2.1794871794871793,1360000
2008,NORTH DAKOTA,400000,90,36000000,1.36,48960000
2008,OHIO,14000,53,742000,1.6805929919137466,1247000
2008,OREGON,50000,43,2150000,1.410232558139535,3032000
2008,PENNSYLVANIA,23000,48,1104000,1.6503623188405796,1822000
2008,SOUTH DAKOTA,225000,95,21375000,1.3400233918128654,28643000
2008,TENNESSEE,7000,61,427000,2.088992974238876,892000
2008,TEXAS,77000,64,4928000,1.3400974025974026,6604000
2008,UTAH,28000,48,1344000,1.5699404761904763,2110000
2008,VERMONT,5000,66,330000,2.2,726000
2008,VIRGINIA,6000,42,252000,2.4206349206349205,610000
2008,WASHINGTON,49000,44,2156000,1.510204081632653,3256000
2008,WEST VIRGINIA,6000,43,258000,2.1589147286821704,557000
2008,WISCONSIN,58000,80,4640000,1.5,6960000
2008,WYOMING,39000,61,2379000,1.369903320722993,3259000
2007,ALABAMA,11000,56,616000,1.4902597402597402,918000
2007,ARIZONA,30000,64,1920000,1.2598958333333334,2419000
2007,ARKANSAS,28000,80,2240000,0.95,2128000
2007,CALIFORNIA,340000,40,13600000,1.04,14144000
2007,COLORADO,31000,51,1581000,1.1499051233396584,1818000
2007,FLORIDA,160000,71,11360000,0.9899647887323944,11246000
2007,GEORGIA,60000,58,3480000,1.1899425287356322,4141000
2007,HAWAII,10000,92,920000,1.7,1564000
2007,IDAHO,92000,41,3772000,1.150053022269353,4338000
2007,ILLINOIS,9000,63,567000,2.490299823633157,1412000
2007,INDIANA,8000,53,424000,1.5,636000
2007,IOWA,26000,81,2106000,1.3100664767331434,2759000
2007,KANSAS,14000,40,560000,1.1803571428571429,661000
2007,KENTUCKY,4000,61,244000,2.1188524590163933,517000
2007,LOUISIANA,29000,89,2581000,1.0798140255714839,2787000
2007,MAINE,9000,26,234000,1.3205128205128205,309000
2007,MICHIGAN,72000,64,4608000,1.1901041666666667,5484000
2007,MINNESOTA,130000,68,8840000,1.0400452488687784,9194000
2007,MISSISSIPPI,15000,92,1380000,0.9101449275362319,1256000
2007,MISSOURI,14000,46,644000,1.1195652173913044,721000
2007,MONTANA,135000,68,9180000,0.9899782135076253,9088000
2007,NEBRASKA,45000,49,2205000,1.0299319727891156,2271000
2007,NEVADA,10000,28,280000,2.9892857142857143,837000
2007,NEW JERSEY,9000,57,513000,1.95906432748538,1005000
2007,NEW MEXICO,6000,59,354000,1.42090395480226,503000
2007,NEW YORK,53000,57,3021000,1.380006620324396,4169000
2007,NORTH CAROLINA,12000,45,540000,2.490740740740741,1345000
2007,NORTH DAKOTA,420000,74,31080000,0.960006435006435,29837000
2007,OHIO,14000,61,854000,1.7704918032786885,1512000
2007,OREGON,46000,43,1978000,1.3099089989888777,2591000
2007,PENNSYLVANIA,25000,42,1050000,1.7,1785000
2007,SOUTH DAKOTA,255000,52,13260000,1.0199849170437405,13525000
2007,TENNESSEE,7000,65,455000,1.989010989010989,905000
2007,TEXAS,105000,82,8610000,0.9600464576074332,8266000
2007,UTAH,28000,42,1176000,1.1301020408163265,1329000
2007,VERMONT,5000,64,320000,1.7,544000
2007,VIRGINIA,6000,46,276000,2.431159420289855,671000
2007,WASHINGTON,46000,44,2024000,1.25,2530000
2007,WEST VIRGINIA,6000,48,288000,2.0902777777777777,602000
2007,WISCONSIN,60000,84,5040000,1.2200396825396826,6149000
2007,WYOMING,43000,80,3440000,1.0,3440000
2006,ALABAMA,11000,72,792000,1.2095959595959596,958000
2006,ARIZONA,30000,65,1950000,0.9102564102564102,1775000
2006,ARKANSAS,32000,76,2432000,0.8898026315789473,2164000
2006,CALIFORNIA,380000,52,19760000,0.9699898785425102,19167000
2006,COLORADO,36000,75,2700000,1.04,2808000
2006,FLORIDA,170000,81,13770000,1.0,13770000
2006,GEORGIA,63000,74,4662000,1.1999141999142,5594000
2006,HAWAII,10000,93,930000,1.2096774193548387,1125000
2006,IDAHO,95000,44,4180000,0.9700956937799043,4055000
2006,ILLINOIS,10000,66,660000,2.139393939393939,1412000
2006,INDIANA,7000,54,378000,1.5793650793650793,597000
2006,IOWA,26000,84,2184000,1.36996336996337,2992000
2006,KANSAS,14000,55,770000,1.1701298701298701,901000
2006,KENTUCKY,5000,56,280000,2.1892857142857145,613000
2006,LOUISIANA,30000,90,2700000,0.9,2430000
2006,MAINE,11000,23,253000,1.6007905138339922,405000
2006,MICHIGAN,72000,55,3960000,1.15,4554000
2006,MINNESOTA,125000,80,10000000,0.94,9400000
2006,MISSISSIPPI,14000,98,1372000,0.9300291545189504,1276000
2006,MISSOURI,15000,46,690000,0.9797101449275363,676000
2006,MONTANA,132000,79,10428000,0.9500383582662064,9907000
2006,NEBRASKA,47000,73,3431000,0.9300495482366657,3191000
2006,NEVADA,9000,37,333000,3.6186186186186187,1205000
2006,NEW JERSEY,9000,36,324000,1.1388888888888888,369000
2006,NEW MEXICO,7000,48,336000,1.1904761904761905,400000
2006,NEW YORK,58000,64,3712000,1.3001077586206897,4826000
2006,NORTH CAROLINA,10000,50,500000,1.57,785000
2006,NORTH DAKOTA,350000,74,25900000,0.91,23569000
2006,OHIO,14000,56,784000,1.4005102040816326,1098000
2006,OREGON,46000,48,2208000,1.0498188405797102,2318000
2006,PENNSYLVANIA,28000,40,1120000,1.6303571428571428,1826000
2006,SOUTH DAKOTA,225000,47,10575000,0.940047281323877,9941000
2006,TENNESSEE,7000,55,385000,1.838961038961039,708000
2006,TEXAS,82000,70,5740000,0.8900696864111498,5109000
2006,UTAH,26000,50,1300000,0.98,1274000
2006,VERMONT,6000,56,336000,1.1994047619047619,403000
2006,VIRGINIA,8000,42,336000,2.199404761904762,739000
2006,WASHINGTON,49000,52,2548000,1.2401883830455258,3160000
2006,WEST VIRGINIA,6000,42,252000,2.0198412698412698,509000
2006,WISCONSIN,64000,93,5952000,1.1199596774193548,6666000
2006,WYOMING,39000,85,3315000,0.9800904977375565,3249000
2005,ALABAMA,13000,66,858000,1.0198135198135199,875000
2005,ARIZONA,36000,50,1800000,1.04,1872000
2005,ARKANSAS,36000,69,2484000,0.9698067632850241,2409000
2005,CALIFORNIA,400000,75,30000000,0.86,25800000
2005,COLORADO,28000,70,1960000,0.9698979591836735,1901000
2005,FLORIDA,160000,86,13760000,0.869985465116279,11971000
2005,GEORGIA,59000,49,2891000,0.890003459010723,2573000
2005,HAWAII,9000,131,1179000,1.4300254452926209,1686000
2005,IDAHO,95000,37,3515000,0.8,2812000
2005,ILLINOIS,8000,85,680000,1.839705882352941,1251000
2005,INDIANA,8000,64,512000,1.1796875,604000
2005,IOWA,28000,88,2464000,1.2098214285714286,2981000
2005,KANSAS,16000,50,800000,1.05,840000
2005,KENTUCKY,5000,50,250000,2.08,520000
2005,LOUISIANA,35000,97,3395000,0.7198821796759941,2444000
2005,MAINE,8000,26,208000,1.6586538461538463,345000
2005,MICHIGAN,65000,68,4420000,0.9400452488687783,4155000
2005,MINNESOTA,120000,74,8880000,0.9,7992000
2005,MISSISSIPPI,16000,80,1280000,0.6703125,858000
2005,MISSOURI,15000,50,750000,1.22,915000
2005,MONTANA,130000,67,8710000,0.8600459242250287,7491000
2005,NEBRASKA,40000,68,2720000,0.8698529411764706,2366000
2005,NEVADA,12000,46,552000,3.1105072463768115,1717000
2005,NEW JERSEY,12000,32,384000,1.2005208333333333,461000
2005,NEW MEXICO,7000,49,343000,1.0291545189504374,353000
2005,NEW YORK,59000,73,4307000,1.3399117715347109,5771000
2005,NORTH CAROLINA,10000,54,540000,1.8796296296296295,1015000
2005,NORTH DAKOTA,370000,91,33670000,0.82999702999703,27946000
2005,OHIO,15000,69,1035000,1.4,1449000
2005,OREGON,39000,42,1638000,1.07997557997558,1769000
2005,PENNSYLVANIA,28000,56,1568000,1.1198979591836735,1756000
2005,SOUTH DAKOTA,220000,79,17380000,0.8299769850402762,14425000
2005,TENNESSEE,7000,55,385000,1.6701298701298701,643000
2005,TEXAS,84000,71,5964000,0.8599932930918847,5129000
2005,UTAH,24000,45,1080000,0.95,1026000
2005,VERMONT,6000,91,546000,1.120879120879121,612000
2005,VIRGINIA,8000,37,296000,2.199324324324324,651000
2005,WASHINGTON,51000,55,2805000,1.009982174688057,2833000
2005,WEST VIRGINIA,8000,51,408000,1.2892156862745099,526000
2005,WISCONSIN,64000,83,5312000,1.1400602409638554,6056000
2005,WYOMING,40000,56,2240000,0.8901785714285714,1994000
2004,ALABAMA,12000,87,1044000,1.4099616858237547,1472000
2004,ARIZONA,32000,55,1760000,1.1102272727272726,1954000
2004,ARKANSAS,40000,57,2280000,0.8701754385964913,1984000
2004,CALIFORNIA,390000,45,17550000,1.05002849002849,18428000
2004,COLORADO,23000,80,1840000,1.35,2484000
2004,FLORIDA,205000,98,20090000,1.0200099552015929,20492000
2004,GEORGIA,63000,49,3087000,1.1998704243602203,3704000
2004,HAWAII,8000,96,768000,1.58984375,1221000
2004,IDAHO,100000,63,6300000,1.02,6426000
2004,ILLINOIS,7000,55,385000,1.8597402597402597,716000
2004,INDIANA,7000,59,413000,1.4697336561743342,607000
2004,IOWA,35000,67,2345000,1.0601279317697228,2486000
2004,KANSAS,14000,80,1120000,1.1803571428571429,1322000
2004,KENTUCKY,5000,56,280000,1.9607142857142856,549000
2004,LOUISIANA,35000,98,3430000,0.7900874635568513,2710000
2004,MAINE,7000,31,217000,1.2811059907834101,278000
2004,MICHIGAN,65000,67,4355000,1.1600459242250287,5052000
2004,MINNESOTA,135000,75,10125000,1.08,10935000
2004,MISSISSIPPI,18000,65,1170000,0.7897435897435897,924000
2004,MISSOURI,16000,41,656000,1.3597560975609757,892000
2004,MONTANA,140000,77,10780000,1.0799628942486086,11642000
2004,NEBRASKA,51000,89,4539000,1.009914077990747,4584000
2004,NEVADA,14000,55,770000,1.7805194805194806,1371000
2004,NEW JERSEY,12000,27,324000,1.4012345679012346,454000
2004,NEW MEXICO,8000,44,352000,1.1903409090909092,419000
2004,NEW YORK,64000,67,4288000,1.3600746268656716,5832000
2004,NORTH CAROLINA,9000,40,360000,1.9305555555555556,695000
2004,NORTH DAKOTA,390000,78,30420000,1.05,31941000
2004,OHIO,16000,58,928000,1.5301724137931034,1420000
2004,OREGON,42000,54,2268000,1.2098765432098766,2744000
2004,PENNSYLVANIA,30000,54,1620000,1.4197530864197532,2300000
2004,SOUTH DAKOTA,215000,105,22575000,1.0100110741971207,22801000
2004,TENNESSEE,6000,54,324000,1.7314814814814814,561000
2004,TEXAS,116000,76,8816000,0.97005444646098,8552000
2004,UTAH,24000,70,1680000,1.1,1848000
2004,VERMONT,6000,68,408000,1.5098039215686274,616000
2004,VIRGINIA,7000,38,266000,2.101503759398496,559000
2004,WASHINGTON,56000,63,3528000,0.979875283446712,3457000
2004,WEST VIRGINIA,9000,55,495000,1.41010101010101,698000
2004,WISCONSIN,68000,86,5848000,1.1899794801641588,6959000
2004,WYOMING,39000,75,2925000,1.10017094017094,3218000
2003,ALABAMA,13000,82,1066000,1.2401500938086305,1322000
2003,ARIZONA,35000,72,2520000,1.340079365079365,3377000
2003,ARKANSAS,40000,75,3000000,1.26,3780000
2003,CALIFORNIA,480000,67,32160000,1.3899875621890547,44702000
2003,COLORADO,24000,86,2064000,1.4001937984496124,2890000
2003,FLORIDA,210000,71,14910000,1.3199865861837692,19681000
2003,GEORGIA,52000,65,3380000,1.2798816568047338,4326000
2003,HAWAII,7000,114,798000,1.449874686716792,1157000
2003,IDAHO,100000,46,4600000,1.33,6118000
2003,ILLINOIS,7000,60,420000,1.8309523809523809,769000
2003,INDIANA,5000,56,280000,1.6607142857142858,465000
2003,IOWA,32000,59,1888000,1.420021186440678,2681000
2003,KANSAS,16000,57,912000,1.4100877192982457,1286000
2003,KENTUCKY,5000,48,240000,1.6708333333333334,401000
2003,LOUISIANA,34000,90,3060000,1.2398692810457517,3794000
2003,MAINE,8000,33,264000,1.4090909090909092,372000
2003,MARYLAND,2000,42,84000,1.9285714285714286,162000
2003,MICHIGAN,65000,74,4810000,1.40997920997921,6782000
2003,MINNESOTA,120000,83,9960000,1.4399598393574298,14342000
2003,MISSISSIPPI,21000,69,1449000,1.289855072463768,1869000
2003,MISSOURI,17000,53,901000,1.409544950055494,1270000
2003,MONTANA,145000,66,9570000,1.4400208986415883,13781000
2003,NEBRASKA,45000,74,3330000,1.37987987987988,4595000
2003,NEVADA,6000,64,384000,2.0390625,783000
2003,NEW JERSEY,10000,19,190000,1.6,304000
2003,NEW MEXICO,6000,41,246000,1.1991869918699187,295000
2003,NEW YORK,67000,72,4824000,1.3600746268656716,6561000
2003,NORTH CAROLINA,10000,44,440000,1.9204545454545454,845000
2003,NORTH DAKOTA,340000,87,29580000,1.3600067613252198,40229000
2003,OHIO,15000,50,750000,1.4,1050000
2003,OKLAHOMA,3000,47,141000,1.8368794326241136,259000
2003,OREGON,42000,51,2142000,1.2698412698412698,2720000
2003,PENNSYLVANIA,27000,50,1350000,1.44,1944000
2003,SOUTH CAROLINA,4000,70,280000,1.8892857142857142,529000
2003,SOUTH DAKOTA,215000,70,15050000,1.4300332225913621,21522000
2003,TENNESSEE,6000,40,240000,1.5208333333333333,365000
2003,TEXAS,140000,67,9380000,1.4,13132000
2003,UTAH,25000,57,1425000,1.28,1824000
2003,VERMONT,7000,83,581000,1.9604130808950087,1139000
2003,VIRGINIA,6000,37,222000,1.6801801801801801,373000
2003,WASHINGTON,58000,56,3248000,1.4599753694581281,4742000
2003,WEST VIRGINIA,8000,47,376000,1.8909574468085106,711000
2003,WISCONSIN,74000,77,5698000,1.46998946998947,8376000
2003,WYOMING,39000,81,3159000,1.409939854384299,4454000
2002,ALABAMA,12000,86,1032000,1.180232558139535,1218000
2002,ARIZONA,38000,63,2394000,1.0802005012531328,2586000
2002,ARKANSAS,45000,88,3960000,1.2601010101010102,4990000
2002,CALIFORNIA,470000,50,23500000,1.32,31020000
2002,COLORADO,24000,60,1440000,1.2902777777777779,1858000
2002,FLORIDA,220000,93,20460000,1.139980449657869,23324000
2002,GEORGIA,50000,52,2600000,1.13,2938000
2002,HAWAII,7000,136,952000,1.1102941176470589,1057000
2002,IDAHO,100000,57,5700000,1.37,7809000
2002,ILLINOIS,9000,80,720000,1.4694444444444446,1058000
2002,INDIANA,8000,62,496000,1.189516129032258,590000
2002,IOWA,33000,70,2310000,1.42987012987013,3303000
2002,KANSAS,17000,52,884000,1.5,1326000
2002,KENTUCKY,5000,54,270000,1.6296296296296295,440000
2002,LOUISIANA,35000,124,4340000,1.1599078341013824,5034000
2002,MAINE,11000,41,451000,1.2106430155210643,546000
2002,MARYLAND,3000,46,138000,1.9565217391304348,270000
2002,MICHIGAN,72000,77,5544000,1.40007215007215,7762000
2002,MINNESOTA,117000,73,8541000,1.469968387776607,12555000
2002,MISSISSIPPI,18000,78,1404000,1.23005698005698,1727000
2002,MISSOURI,18000,50,900000,1.42,1278000
2002,MONTANA,134000,63,8442000,1.3800047382136935,11650000
2002,NEBRASKA,43000,75,3225000,1.489922480620155,4805000
2002,NEVADA,9000,62,558000,2.6702508960573477,1490000
2002,NEW JERSEY,11000,40,440000,1.0,440000
2002,NEW MEXICO,11000,44,484000,1.0991735537190082,532000
2002,NEW YORK,60000,98,5880000,1.25,7350000
2002,NORTH CAROLINA,16000,42,672000,1.4107142857142858,948000
2002,NORTH DAKOTA,320000,75,24000000,1.46,35040000
2002,OHIO,18000,70,1260000,1.4396825396825397,1814000
2002,OKLAHOMA,3000,53,159000,1.628930817610063,259000
2002,OREGON,43000,49,2107000,1.3497864261983863,2844000
2002,PENNSYLVANIA,29000,57,1653000,1.3399879007864488,2215000
2002,SOUTH CAROLINA,5000,94,470000,1.251063829787234,588000
2002,SOUTH DAKOTA,225000,51,11475000,1.4200435729847494,16295000
2002,TENNESSEE,8000,61,488000,1.3995901639344261,683000
2002,TEXAS,114000,67,7638000,1.1399581042157634,8707000
2002,UTAH,22000,59,1298000,1.2996918335901386,1687000
2002,VERMONT,7000,89,623000,1.2006420545746388,748000
2002,VIRGINIA,8000,38,304000,1.9013157894736843,578000
2002,WASHINGTON,50000,51,2550000,1.2701960784313726,3239000
2002,WEST VIRGINIA,9000,51,459000,1.3202614379084967,606000
2002,WISCONSIN,70000,95,6650000,1.34,8911000
2002,WYOMING,38000,63,2394000,1.3299916457811194,3184000
2001,ALABAMA,14000,73,1022000,0.7201565557729941,736000
2001,ARIZONA,43000,59,2537000,0.7201418998817501,1827000
2001,ARKANSAS,50000,98,4900000,0.65,3185000
2001,CALIFORNIA,460000,61,28060000,0.6899857448325017,19361000
2001,COLORADO,26000,55,1430000,0.7097902097902098,1015000
2001,FLORIDA,220000,100,22000000,0.64,14080000
2001,GEORGIA,55000,57,3135000,0.7001594896331739,2195000
2001,HAWAII,8000,87,696000,0.8706896551724138,606000
2001,IDAHO,100000,46,4600000,0.67,3082000
2001,ILLINOIS,6000,76,456000,1.5789473684210527,720000
2001,INDIANA,7000,76,532000,0.9191729323308271,489000
2001,IOWA,33000,51,1683000,0.7498514557338086,1262000
2001,KANSAS,13000,51,663000,0.9592760180995475,636000
2001,KENTUCKY,4000,78,312000,1.4102564102564104,440000
2001,LOUISIANA,45000,106,4770000,0.6,2862000
2001,MAINE,11000,20,220000,0.7909090909090909,174000
2001,MARYLAND,4000,46,184000,1.5978260869565217,294000
2001,MICHIGAN,76000,60,4560000,0.8100877192982456,3694000
2001,MINNESOTA,135000,81,10935000,0.6500228623685413,7108000
2001,MISSISSIPPI,17000,66,1122000,0.8903743315508021,999000
2001,MISSOURI,22000,61,1342000,0.710134128166915,953000
2001,MONTANA,136000,102,13872000,0.6699826989619377,9294000
2001,NEBRASKA,43000,48,2064000,0.7199612403100775,1486000
2001,NEVADA,9000,50,450000,2.14,963000
2001,NEW JERSEY,11000,34,374000,0.8502673796791443,318000
2001,NEW MEXICO,10000,70,700000,0.66,462000
2001,NEW YORK,53000,70,3710000,0.7900269541778976,2931000
2001,NORTH CAROLINA,13000,44,572000,1.4807692307692308,847000
2001,NORTH DAKOTA,280000,96,26880000,0.6899925595238096,18547000
2001,OHIO,18000,81,1458000,1.0102880658436213,1473000
2001,OKLAHOMA,4000,47,188000,1.4308510638297873,269000
2001,OREGON,44000,44,1936000,0.7401859504132231,1433000
2001,PENNSYLVANIA,26000,57,1482000,0.9197031039136302,1363000
2001,SOUTH CAROLINA,7000,40,280000,0.7892857142857143,221000
2001,SOUTH DAKOTA,235000,65,15275000,0.7099836333878887,10845000
2001,TENNESSEE,8000,59,472000,1.3898305084745763,656000
2001,TEXAS,97000,79,7663000,0.6500065248597156,4981000
2001,UTAH,23000,38,874000,0.6498855835240275,568000
2001,VERMONT,7000,81,567000,0.9206349206349206,522000
2001,VIRGINIA,9000,52,468000,1.2606837606837606,590000
2001,WASHINGTON,48000,52,2496000,0.7199519230769231,1797000
2001,WEST VIRGINIA,7000,65,455000,1.4197802197802198,646000
2001,WISCONSIN,67000,81,5427000,0.8199742030587802,4450000
2001,WYOMING,38000,77,2926000,0.6500341763499659,1902000
2000,ALABAMA,16000,78,1248000,0.5897435897435898,736000
2000,ARIZONA,40000,59,2360000,0.7300847457627119,1723000
2000,ARKANSAS,52000,93,4836000,0.5700992555831266,2757000
2000,CALIFORNIA,440000,70,30800000,0.59,18172000
2000,COLORADO,29000,60,1740000,0.6201149425287357,1079000
2000,FLORIDA,232000,105,24360000,0.5399835796387521,13154000
2000,GEORGIA,55000,57,3135000,0.6299840510366826,1975000
2000,HAWAII,7000,112,784000,0.8201530612244898,643000
2000,IDAHO,100000,47,4700000,0.52,2444000
2000,ILLINOIS,8000,61,488000,1.1700819672131149,571000
2000,INDIANA,8000,65,520000,1.0307692307692307,536000
2000,IOWA,30000,67,2010000,0.6800995024875622,1367000
2000,KANSAS,15000,68,1020000,0.9098039215686274,928000
2000,KENTUCKY,4000,48,192000,1.3489583333333333,259000
2000,LOUISIANA,43000,94,4042000,0.5200395843641762,2102000
2000,MAINE,11000,21,231000,0.7489177489177489,173000
2000,MARYLAND,6000,46,276000,1.141304347826087,315000
2000,MICHIGAN,72000,75,5400000,0.6,3240000
2000,MINNESOTA,150000,90,13500000,0.57,7695000
2000,MISSISSIPPI,17000,72,1224000,0.690359477124183,845000
2000,MISSOURI,23000,75,1725000,0.6,1035000
2000,MONTANA,124000,88,10912000,0.5899926686217009,6438000
2000,NEBRASKA,50000,87,4350000,0.5901149425287356,2567000
2000,NEVADA,10000,35,350000,1.4514285714285715,508000
2000,NEW JERSEY,11000,35,385000,0.6103896103896104,235000
2000,NEW MEXICO,15000,64,960000,0.7197916666666667,691000
2000,NEW YORK,58000,80,4640000,0.55,2552000
2000,NORTH CAROLINA,11000,49,539000,1.4304267161410018,771000
2000,NORTH DAKOTA,300000,115,34500000,0.57,19665000
2000,OHIO,18000,65,1170000,0.7897435897435897,924000
2000,OKLAHOMA,7000,35,245000,1.2612244897959184,309000
2000,OREGON,48000,51,2448000,0.6601307189542484,1616000
2000,PENNSYLVANIA,25000,45,1125000,0.76,855000
2000,SOUTH DAKOTA,235000,121,28435000,0.5799894496219448,16492000
2000,TENNESSEE,9000,61,549000,1.429872495446266,785000
2000,TEXAS,105000,79,8295000,0.5699819168173599,4728000
2000,UTAH,24000,41,984000,0.5995934959349594,590000
2000,VERMONT,7000,59,413000,0.6803874092009685,281000
2000,VIRGINIA,7000,42,294000,1.5,441000
2000,WASHINGTON,52000,54,2808000,0.5801282051282052,1629000
2000,WEST VIRGINIA,7000,54,378000,1.2195767195767195,461000
2000,WISCONSIN,84000,90,7560000,0.680026455026455,5141000
2000,WYOMING,39000,93,3627000,0.5900192996967191,2140000
1999,ALABAMA,17000,68,1156000,0.5596885813148789,647000
1999,ARIZONA,52000,62,3224000,0.6200372208436724,1999000
1999,ARKANSAS,52000,89,4628000,0.5300345721694036,2453000
1999,CALIFORNIA,465000,60,27900000,0.55,15345000
1999,COLORADO,27000,76,2052000,0.6798245614035088,1395000
1999,FLORIDA,228000,102,23256000,0.5300137598899208,12326000
1999,GEORGIA,65000,51,3315000,0.6401206636500754,2122000
1999,HAWAII,8000,80,640000,0.8,512000
1999,IDAHO,120000,48,5760000,0.5899305555555555,3398000
1999,ILLINOIS,9000,66,594000,1.1498316498316499,683000
1999,INDIANA,10000,81,810000,0.9,729000
1999,IOWA,40000,65,2600000,0.65,1690000
1999,KANSAS,13000,67,871000,1.1102181400688864,967000
1999,KENTUCKY,3000,50,150000,1.24,186000
1999,LOUISIANA,48000,114,5472000,0.4899488304093567,2681000
1999,MAINE,14000,22,308000,0.8311688311688312,256000
1999,MARYLAND,6000,46,276000,1.641304347826087,453000
1999,MICHIGAN,73000,85,6205000,0.6599516518936341,4095000
1999,MINNESOTA,145000,82,11890000,0.6100084104289318,7253000
1999,MISSISSIPPI,18000,73,1314000,0.5403348554033486,710000
1999,MISSOURI,24000,65,1560000,0.6801282051282052,1061000
1999,MONTANA,122000,70,8540000,0.6,5124000
1999,NEBRASKA,58000,77,4466000,0.6099417823555755,2724000
1999,NEVADA,9000,45,405000,1.5407407407407407,624000
1999,NEW JERSEY,10000,44,440000,0.5704545454545454,251000
1999,NEW MEXICO,15000,52,780000,0.7705128205128206,601000
1999,NEW YORK,69000,70,4830000,0.6600414078674949,3188000
1999,NORTH CAROLINA,9000,46,414000,1.6207729468599035,671000
1999,NORTH DAKOTA,255000,105,26775000,0.5899906629318394,15797000
1999,OHIO,20000,74,1480000,0.7202702702702702,1066000
1999,OKLAHOMA,6000,45,270000,1.3407407407407408,362000
1999,OREGON,45000,57,2565000,0.8,2052000
1999,PENNSYLVANIA,28000,60,1680000,0.7601190476190476,1277000
1999,SOUTH DAKOTA,224000,104,23296000,0.6000171703296703,13978000
1999,TENNESSEE,8000,51,408000,1.2990196078431373,530000
1999,TEXAS,108000,81,8748000,0.6400320073159579,5599000
1999,UTAH,26000,45,1170000,0.6803418803418804,796000
1999,VERMONT,6000,66,396000,0.6287878787878788,249000
1999,VIRGINIA,7000,35,245000,1.1714285714285715,287000
1999,WASHINGTON,52000,50,2600000,0.6,1560000
1999,WEST VIRGINIA,6000,39,234000,1.0897435897435896,255000
1999,WISCONSIN,80000,75,6000000,0.68,4080000
1999,WYOMING,37000,72,2664000,0.609984984984985,1625000
1998,ALABAMA,16000,71,1136000,0.7200704225352113,818000
1998,ARIZONA,55000,60,3300000,0.64,2112000
1998,ARKANSAS,53000,65,3445000,0.5901306240928882,2033000
1998,CALIFORNIA,450000,83,37350000,0.62,23157000
1998,COLORADO,27000,72,1944000,0.7001028806584362,1361000
1998,FLORIDA,230000,98,22540000,0.6400177462289264,14426000
1998,GEORGIA,75000,56,4200000,0.69,2898000
1998,HAWAII,8000,118,944000,0.7701271186440678,727000
1998,IDAHO,120000,50,6000000,0.65,3900000
1998,ILLINOIS,9000,71,639000,1.189358372456964,760000
1998,INDIANA,9000,92,828000,0.8502415458937198,704000
1998,IOWA,50000,78,3900000,0.7,2730000
1998,KANSAS,16000,46,736000,0.8695652173913043,640000
1998,KENTUCKY,3000,50,150000,1.4,210000
1998,LOUISIANA,41000,111,4551000,0.5899802241265656,2685000
1998,MAINE,10000,26,260000,0.6884615384615385,179000
1998,MARYLAND,7000,44,308000,1.1006493506493507,339000
1998,MICHIGAN,80000,85,6800000,0.66,4488000
1998,MINNESOTA,140000,79,11060000,0.65,7189000
1998,MISSISSIPPI,18000,86,1548000,0.5801033591731266,898000
1998,MISSOURI,23000,66,1518000,0.7602108036890646,1154000
1998,MONTANA,115000,122,14030000,0.6399857448325018,8979000
1998,NEBRASKA,64000,70,4480000,0.8600446428571429,3853000
1998,NEVADA,10000,46,460000,1.65,759000
1998,NEW JERSEY,11000,49,539000,0.7606679035250464,410000
1998,NEW MEXICO,14000,55,770000,0.7597402597402597,585000
1998,NEW YORK,65000,80,5200000,0.7,3640000
1998,NORTH CAROLINA,8000,59,472000,1.3792372881355932,651000
1998,NORTH DAKOTA,230000,128,29440000,0.6299932065217392,18547000
1998,OHIO,18000,78,1404000,0.8297720797720798,1165000
1998,OKLAHOMA,4000,51,204000,1.2401960784313726,253000
1998,OREGON,50000,45,2250000,0.9,2025000
1998,PENNSYLVANIA,26000,66,1716000,0.8001165501165501,1373000
1998,SOUTH DAKOTA,225000,95,21375000,0.64,13680000
1998,TENNESSEE,7000,64,448000,1.3191964285714286,591000
1998,TEXAS,91000,77,7007000,0.6199514770943343,4344000
1998,UTAH,30000,58,1740000,0.65,1131000
1998,VERMONT,6000,64,384000,0.8489583333333334,326000
1998,VIRGINIA,8000,37,296000,1.3310810810810811,394000
1998,WASHINGTON,58000,51,2958000,0.6399594320486816,1893000
1998,WEST VIRGINIA,6000,55,330000,1.1393939393939394,376000
1998,WISCONSIN,89000,91,8099000,0.7199654278305964,5831000
1998,WYOMING,46000,60,2760000,0.6800724637681159,1877000
1997,ALABAMA,14000,66,924000,0.8095238095238095,748000
1997,ARIZONA,42000,80,3360000,0.7199404761904762,2419000
1997,ARKANSAS,50000,95,4750000,0.7,3325000
1997,CALIFORNIA,420000,75,31500000,0.7,22050000
1997,COLORADO,35000,55,1925000,0.8202597402597402,1579000
1997,FLORIDA,240000,67,16080000,0.7299751243781094,11738000
1997,GEORGIA,75000,46,3450000,0.7901449275362319,2726000
1997,HAWAII,9000,146,1314000,0.8599695585996956,1130000
1997,IDAHO,120000,64,7680000,0.7200520833333334,5530000
1997,ILLINOIS,7000,69,483000,1.269151138716356,613000
1997,INDIANA,8000,71,568000,1.130281690140845,642000
1997,IOWA,45000,74,3330000,0.8600600600600601,2864000
1997,KANSAS,17000,71,1207000,0.8102734051367025,978000
1997,KENTUCKY,3000,60,180000,1.4777777777777779,266000
1997,LOUISIANA,44000,115,5060000,0.7,3542000
1997,MAINE,8000,19,152000,0.6973684210526315,106000
1997,MARYLAND,6000,40,240000,1.5916666666666666,382000
1997,MICHIGAN,85000,70,5950000,0.7700840336134454,4582000
1997,MINNESOTA,145000,73,10585000,0.7400094473311289,7833000
1997,MISSISSIPPI,19000,73,1387000,0.7303532804614276,1013000
1997,MISSOURI,24000,77,1848000,0.7797619047619048,1441000
1997,MONTANA,107000,120,12840000,0.740031152647975,9502000
1997,NEBRASKA,61000,67,4087000,0.7700024467824811,3147000
1997,NEVADA,14000,61,854000,1.1405152224824355,974000
1997,NEW JERSEY,10000,49,490000,1.0408163265306123,510000
1997,NEW MEXICO,15000,60,900000,0.87,783000
1997,NEW YORK,72000,60,4320000,0.85,3672000
1997,NORTH CAROLINA,8000,58,464000,1.1896551724137931,552000
1997,NORTH DAKOTA,245000,100,24500000,0.74,18130000
1997,OHIO,22000,80,1760000,0.85,1496000
1997,OKLAHOMA,4000,58,232000,1.3706896551724137,318000
1997,OREGON,50000,53,2650000,0.790188679245283,2094000
1997,PENNSYLVANIA,22000,48,1056000,1.0,1056000
1997,SOUTH DAKOTA,240000,65,15600000,0.74,11544000
1997,TENNESSEE,7000,62,434000,1.4700460829493087,638000
1997,TEXAS,94000,106,9964000,0.75,7473000
1997,UTAH,32000,52,1664000,0.75,1248000
1997,VERMONT,5000,63,315000,0.8285714285714286,261000
1997,VIRGINIA,8000,53,424000,1.4504716981132075,615000
1997,WASHINGTON,60000,52,3120000,0.7599358974358974,2371000
1997,WEST VIRGINIA,8000,70,560000,1.1107142857142858,622000
1997,WISCONSIN,79000,60,4740000,0.9,4266000
1997,WYOMING,38000,62,2356000,0.75,1767000
1996,ALABAMA,15000,64,960000,0.8697916666666666,835000
1996,ARIZONA,32000,60,1920000,0.85,1632000
1996,ARKANSAS,50000,84,4200000,0.85,3570000
1996,CALIFORNIA,390000,70,27300000,0.84,22932000
1996,COLORADO,30000,74,2220000,0.85,1887000
1996,FLORIDA,240000,105,25200000,0.86,21672000
1996,GEORGIA,75000,68,5100000,0.88,4488000
1996,HAWAII,8000,155,1240000,0.8096774193548387,1004000
1996,IDAHO,110000,45,4950000,0.88,4356000
1996,ILLINOIS,11000,74,814000,1.3501228501228502,1099000
1996,INDIANA,9000,75,675000,1.0296296296296297,695000
1996,IOWA,52000,67,3484000,0.9500574052812859,3310000
1996,KANSAS,16000,51,816000,0.9399509803921569,767000
1996,KENTUCKY,3000,60,180000,1.2777777777777777,230000
1996,LOUISIANA,44000,106,4664000,0.8299742710120068,3871000
1996,MAINE,9000,23,207000,1.0579710144927537,219000
1996,MARYLAND,7000,32,224000,1.2098214285714286,271000
1996,MICHIGAN,90000,96,8640000,1.0099537037037036,8726000
1996,MINNESOTA,150000,77,11550000,0.9,10395000
1996,MISSISSIPPI,17000,80,1360000,0.8698529411764706,1183000
1996,MISSOURI,22000,74,1628000,0.9201474201474201,1498000
1996,MONTANA,117000,60,7020000,0.8800569800569801,6178000
1996,NEBRASKA,65000,75,4875000,0.92,4485000
1996,NEVADA,14000,61,854000,1.050351288056206,897000
1996,NEW JERSEY,7000,45,315000,0.819047619047619,258000
1996,NEW MEXICO,15000,77,1155000,0.90995670995671,1051000
1996,NEW YORK,68000,80,5440000,0.8900735294117647,4842000
1996,NORTH CAROLINA,12000,44,528000,1.0397727272727273,549000
1996,NORTH DAKOTA,230000,86,19780000,0.9,17802000
1996,OHIO,24000,70,1680000,0.9601190476190476,1613000
1996,OKLAHOMA,4000,59,236000,1.0889830508474576,257000
1996,OREGON,55000,59,3245000,0.9300462249614792,3018000
1996,PENNSYLVANIA,23000,46,1058000,1.0198487712665407,1079000
1996,SOUTH CAROLINA,9000,90,810000,1.1604938271604939,940000
1996,SOUTH DAKOTA,240000,97,23280000,0.9,20952000
1996,TENNESSEE,5000,64,320000,1.540625,493000
1996,TEXAS,82000,83,6806000,0.8499853070819865,5785000
1996,UTAH,34000,46,1564000,0.8497442455242967,1329000
1996,VERMONT,4000,83,332000,1.0090361445783131,335000
1996,VIRGINIA,7000,50,350000,1.48,518000
1996,WASHINGTON,60000,58,3480000,0.9,3132000
1996,WEST VIRGINIA,10000,59,590000,1.5898305084745763,938000
1996,WISCONSIN,69000,78,5382000,0.9000371609067261,4844000
1996,WYOMING,40000,73,2920000,0.9,2628000
1995,ALABAMA,16000,58,928000,0.6896551724137931,640000
1995,ARIZONA,52000,79,4108000,0.6499513145082765,2670000
1995,ARKANSAS,55000,60,3300000,0.71,2343000
1995,CALIFORNIA,420000,93,39060000,0.630005120327701,24608000
1995,COLORADO,45000,60,2700000,0.73,1971000
1995,FLORIDA,230000,86,19780000,0.639989888776542,12659000
1995,GEORGIA,70000,62,4340000,0.7099078341013825,3081000
1995,HAWAII,8000,129,1032000,0.560077519379845,578000
1995,IDAHO,125000,48,6000000,0.69,4140000
1995,ILLINOIS,11000,74,814000,1.1302211302211302,920000
1995,INDIANA,12000,63,756000,0.7195767195767195,544000
1995,IOWA,45000,68,3060000,0.7699346405228759,2356000
1995,KANSAS,17000,67,1139000,0.8902546093064091,1014000
1995,KENTUCKY,3000,44,132000,1.0227272727272727,135000
1995,LOUISIANA,38000,119,4522000,0.6300309597523219,2849000
1995,MAINE,11000,45,495000,0.9696969696969697,480000
1995,MARYLAND,7000,35,245000,1.0285714285714285,252000
1995,MICHIGAN,97000,92,8924000,0.7800313760645451,6961000
1995,MINNESOTA,165000,82,13530000,0.7,9471000
1995,MISSISSIPPI,16000,70,1120000,0.6803571428571429,762000
1995,MISSOURI,23000,67,1541000,0.7300454250486696,1125000
1995,MONTANA,106000,80,8480000,0.7200471698113208,6106000
1995,NEBRASKA,60000,73,4380000,0.7299086757990868,3197000
1995,NEVADA,10000,29,290000,0.9,261000
1995,NEW JERSEY,10000,34,340000,0.7705882352941177,262000
1995,NEW MEXICO,19000,65,1235000,0.8299595141700404,1025000
1995,NEW YORK,70000,75,5250000,0.7100952380952381,3728000
1995,NORTH CAROLINA,12000,52,624000,0.8397435897435898,524000
1995,NORTH DAKOTA,220000,108,23760000,0.6699915824915825,15919000
1995,OHIO,25000,62,1550000,0.74,1147000
1995,OKLAHOMA,4000,76,304000,0.930921052631579,283000
1995,OREGON,52000,52,2704000,0.7799556213017751,2109000
1995,PENNSYLVANIA,25000,43,1075000,0.7302325581395349,785000
1995,SOUTH CAROLINA,9000,90,810000,1.2604938271604937,1021000
1995,SOUTH DAKOTA,240000,85,20400000,0.71,14484000
1995,TENNESSEE,5000,53,265000,1.169811320754717,310000
1995,TEXAS,84000,106,8904000,0.6700359389038635,5966000
1995,UTAH,32000,33,1056000,0.6496212121212122,686000
1995,VERMONT,5000,67,335000,0.8597014925373134,288000
1995,VIRGINIA,9000,45,405000,0.6691358024691358,271000
1995,WASHINGTON,60000,59,3540000,0.5700564971751413,2018000
1995,WEST VIRGINIA,13000,41,533000,1.1801125703564728,629000
1995,WISCONSIN,73000,79,5767000,0.7000173400381481,4037000
1995,WYOMING,38000,36,1368000,0.7302631578947368,999000
1994,ALABAMA,18000,50,900000,0.52,468000
1994,ARIZONA,53000,59,3127000,0.5100735529261273,1595000
1994,ARKANSAS,55000,71,3905000,0.5101152368758003,1992000
1994,CALIFORNIA,400000,60,24000000,0.51,12240000
1994,COLORADO,45000,76,3420000,0.5599415204678363,1915000
1994,FLORIDA,230000,84,19320000,0.4699792960662526,9080000
1994,GEORGIA,80000,63,5040000,0.5700396825396825,2873000
1994,HAWAII,9000,100,900000,0.48,432000
1994,IDAHO,127000,59,7493000,0.5199519551581476,3896000
1994,ILLINOIS,13000,80,1040000,1.0403846153846155,1082000
1994,INDIANA,13000,54,702000,0.7094017094017094,498000
1994,IOWA,52000,66,3432000,0.6500582750582751,2231000
1994,KANSAS,19000,47,893000,0.7200447928331467,643000
1994,KENTUCKY,3000,54,162000,0.9814814814814815,159000
1994,LOUISIANA,40000,98,3920000,0.4599489795918367,1803000
1994,MAINE,8000,55,440000,0.6,264000
1994,MARYLAND,7000,36,252000,1.0793650793650793,272000
1994,MICHIGAN,90000,86,7740000,0.55,4257000
1994,MINNESOTA,170000,79,13430000,0.5200297840655249,6984000
1994,MISSISSIPPI,19000,53,1007000,0.47964250248262164,483000
1994,MISSOURI,25000,77,1925000,0.5298701298701298,1020000
1994,MONTANA,119000,105,12495000,0.5199679871948779,6497000
1994,NEBRASKA,72000,55,3960000,0.5601010101010101,2218000
1994,NEVADA,14000,54,756000,1.0793650793650793,816000
1994,NEW JERSEY,11000,33,363000,0.6308539944903582,229000
1994,NEW MEXICO,19000,64,1216000,0.47039473684210525,572000
1994,NEW YORK,68000,68,4624000,0.6299740484429066,2913000
1994,NORTH CAROLINA,15000,59,885000,0.9502824858757062,841000
1994,NORTH DAKOTA,235000,138,32430000,0.4799876657415973,15566000
1994,OHIO,27000,64,1728000,0.6400462962962963,1106000
1994,OKLAHOMA,5000,58,290000,0.9310344827586207,270000
1994,OREGON,50000,65,3250000,0.52,1690000
1994,PENNSYLVANIA,27000,47,1269000,0.5996847911741529,761000
1994,SOUTH CAROLINA,10000,100,1000000,0.82,820000
1994,SOUTH DAKOTA,260000,100,26000000,0.52,13520000
1994,TENNESSEE,6000,51,306000,0.9803921568627451,300000
1994,TEXAS,103000,74,7622000,0.5,3811000
1994,UTAH,43000,59,2537000,0.5301537248718959,1345000
1994,VERMONT,5000,77,385000,0.8701298701298701,335000
1994,VIRGINIA,11000,52,572000,0.6503496503496503,372000
1994,WASHINGTON,60000,62,3720000,0.5400537634408602,2009000
1994,WEST VIRGINIA,20000,44,880000,1.1795454545454545,1038000
1994,WISCONSIN,75000,71,5325000,0.6,3195000
1994,WYOMING,46000,69,3174000,0.5800252047889098,1841000
1993,ALABAMA,19000,45,855000,0.5894736842105263,504000
1993,ARIZONA,55000,77,4235000,0.5199527744982291,2202000
1993,ARKANSAS,50000,73,3650000,0.5,1825000
1993,CALIFORNIA,500000,90,45000000,0.5,22500000
1993,COLORADO,53000,73,3869000,0.5799948307056086,2244000
1993,FLORIDA,200000,113,22600000,0.5,11300000
1993,GEORGIA,80000,56,4480000,0.6100446428571429,2733000
1993,HAWAII,9000,177,1593000,0.519774011299435,828000
1993,IDAHO,133000,71,9443000,0.5199618765222916,4910000
1993,ILLINOIS,15000,48,720000,0.9597222222222223,691000
1993,INDIANA,12000,66,792000,0.6994949494949495,554000
1993,IOWA,56000,49,2744000,0.560131195335277,1537000
1993,KANSAS,23000,57,1311000,0.5598779557589626,734000
1993,KENTUCKY,4000,60,240000,0.8416666666666667,202000
1993,LOUISIANA,47000,86,4042000,0.5200395843641762,2102000
1993,MAINE,13000,50,650000,0.68,442000
1993,MARYLAND,7000,27,189000,1.470899470899471,278000
1993,MICHIGAN,90000,77,6930000,0.56998556998557,3950000
1993,MINNESOTA,180000,80,14400000,0.53,7632000
1993,MISSISSIPPI,17000,61,1037000,0.48987463837994216,508000
1993,MISSOURI,24000,73,1752000,0.5901826484018264,1034000
1993,MONTANA,95000,98,9310000,0.5399570354457572,5027000
1993,NEBRASKA,83000,70,5810000,0.5299483648881239,3079000
1993,NEVADA,14000,52,728000,0.9505494505494505,692000
1993,NEW JERSEY,11000,28,308000,0.8701298701298701,268000
1993,NEW MEXICO,18000,64,1152000,0.6796875,783000
1993,NEW YORK,65000,62,4030000,0.6300248138957817,2539000
1993,NORTH CAROLINA,15000,53,795000,0.9006289308176101,716000
1993,NORTH DAKOTA,220000,90,19800000,0.52,10296000
1993,OHIO,30000,66,1980000,0.6601010101010101,1307000
1993,OKLAHOMA,6000,67,402000,0.8109452736318408,326000
1993,OREGON,53000,67,3551000,0.5601239087580963,1989000
1993,PENNSYLVANIA,28000,40,1120000,0.6401785714285714,717000
1993,SOUTH CAROLINA,11000,90,990000,0.6,594000
1993,SOUTH DAKOTA,245000,98,24010000,0.5199916701374427,12485000
1993,TENNESSEE,8000,51,408000,0.928921568627451,379000
1993,TEXAS,105000,82,8610000,0.5099883855981417,4391000
1993,UTAH,42000,53,2226000,0.5498652291105122,1224000
1993,VERMONT,6000,82,492000,0.6707317073170732,330000
1993,VIRGINIA,10000,54,540000,0.8092592592592592,437000
1993,WASHINGTON,60000,45,2700000,0.61,1647000
1993,WEST VIRGINIA,20000,37,740000,1.1094594594594596,821000
1993,WISCONSIN,100000,82,8200000,0.59,4838000
1993,WYOMING,34000,55,1870000,0.5299465240641711,991000
1992,ALABAMA,25000,41,1025000,0.5902439024390244,605000
1992,ARIZONA,70000,54,3780000,0.55,2079000
1992,ARKANSAS,45000,65,2925000,0.52,1521000
1992,CALIFORNIA,490000,67,32830000,0.5200121839780688,17072000
1992,COLORADO,52000,74,3848000,0.58991683991684,2270000
1992,FLORIDA,220000,104,22880000,0.5299825174825175,12126000
1992,GEORGIA,85000,55,4675000,0.6601069518716578,3086000
1992,HAWAII,9000,138,1242000,0.5402576489533011,671000
1992,IDAHO,135000,51,6885000,0.5199709513435004,3580000
1992,ILLINOIS,16000,53,848000,0.8797169811320755,746000
1992,INDIANA,15000,31,465000,0.7204301075268817,335000
1992,IOWA,65000,62,4030000,0.5699751861042184,2297000
1992,KANSAS,28000,58,1624000,0.5899014778325123,958000
1992,KENTUCKY,4000,30,120000,0.7416666666666667,89000
1992,LOUISIANA,45000,107,4815000,0.5100726895119418,2456000
1992,MAINE,15000,22,330000,0.7696969696969697,254000
1992,MARYLAND,6000,23,138000,0.9927536231884058,137000
1992,MICHIGAN,95000,68,6460000,0.589938080495356,3811000
1992,MINNESOTA,190000,90,17100000,0.54,9234000
1992,MISSISSIPPI,25000,65,1625000,0.5101538461538462,829000
1992,MISSOURI,25000,73,1825000,0.6498630136986301,1186000
1992,MONTANA,87000,110,9570000,0.5500522466039708,5264000
1992,NEBRASKA,96000,75,7200000,0.53,3816000
1992,NEVADA,15000,65,975000,0.8502564102564103,829000
1992,NEW JERSEY,8000,22,176000,0.9090909090909091,160000
1992,NEW MEXICO,18000,68,1224000,0.6102941176470589,747000
1992,NEW YORK,70000,66,4620000,0.6099567099567099,2818000
1992,NORTH CAROLINA,15000,45,675000,0.7896296296296297,533000
1992,NORTH DAKOTA,240000,91,21840000,0.5299908424908425,11575000
1992,OHIO,38000,33,1254000,0.5996810207336523,752000
1992,OKLAHOMA,9000,52,468000,0.7393162393162394,346000
1992,OREGON,52000,49,2548000,0.5800627943485086,1478000
1992,PENNSYLVANIA,30000,41,1230000,0.7097560975609756,873000
1992,SOUTH CAROLINA,11000,69,759000,0.7799736495388669,592000
1992,SOUTH DAKOTA,240000,85,20400000,0.53,10812000
1992,TENNESSEE,7000,43,301000,0.7408637873754153,223000
1992,TEXAS,125000,85,10625000,0.52,5525000
1992,UTAH,47000,56,2632000,0.5801671732522796,1527000
1992,VERMONT,6000,63,378000,0.7513227513227513,284000
1992,VIRGINIA,13000,38,494000,0.7105263157894737,351000
1992,WASHINGTON,80000,44,3520000,0.5801136363636363,2042000
1992,WEST VIRGINIA,23000,55,1265000,0.849802371541502,1075000
1992,WISCONSIN,105000,66,6930000,0.57994227994228,4019000
1992,WYOMING,41000,70,2870000,0.5400696864111498,1550000
1991,ALABAMA,23000,24,552000,0.6304347826086957,348000
1991,ARIZONA,75000,50,3750000,0.5301333333333333,1988000
1991,ARKANSAS,47000,79,3713000,0.5399946135200646,2005000
1991,CALIFORNIA,550000,63,34650000,0.54,18711000
1991,COLORADO,50000,79,3950000,0.6301265822784811,2489000
1991,FLORIDA,225000,83,18675000,0.5300133868808568,9898000
1991,GEORGIA,102000,42,4284000,0.6300186741363212,2699000
1991,HAWAII,10000,131,1310000,0.5702290076335877,747000
1991,IDAHO,140000,46,6440000,0.5400621118012422,3478000
1991,ILLINOIS,21000,52,1092000,0.7902930402930403,863000
1991,INDIANA,21000,50,1050000,0.68,714000
1991,IOWA,70000,59,4130000,0.5699757869249394,2354000
1991,KANSAS,35000,52,1820000,0.6,1092000
1991,KENTUCKY,7000,25,175000,0.96,168000
1991,LOUISIANA,40000,70,2800000,0.53,1484000
1991,MAINE,13000,42,546000,0.6904761904761905,377000
1991,MARYLAND,7000,25,175000,1.12,196000
1991,MICHIGAN,105000,73,7665000,0.5699934768427919,4369000
1991,MINNESOTA,180000,91,16380000,0.53998778998779,8845000
1991,MISSISSIPPI,28000,36,1008000,0.5198412698412699,524000
1991,MISSOURI,28000,65,1820000,0.6197802197802198,1128000
1991,MONTANA,86000,92,7912000,0.5700202224469161,4510000
1991,NEBRASKA,108000,67,7236000,0.5299889441680486,3835000
1991,NEVADA,15000,54,810000,0.7802469135802469,632000
1991,NEW JERSEY,11000,31,341000,0.9208211143695014,314000
1991,NEW MEXICO,20000,77,1540000,0.5597402597402598,862000
1991,NEW YORK,77000,62,4774000,0.6200251361541684,2960000
1991,NORTH CAROLINA,18000,58,1044000,0.6599616858237548,689000
1991,NORTH DAKOTA,215000,103,22145000,0.5399864529239106,11958000
1991,OHIO,48000,61,2928000,0.6301229508196722,1845000
1991,OKLAHOMA,9000,70,630000,0.8507936507936508,536000
1991,OREGON,56000,46,2576000,0.5601708074534162,1443000
1991,PENNSYLVANIA,40000,45,1800000,0.7,1260000
1991,SOUTH CAROLINA,11000,61,671000,0.7704918032786885,517000
1991,SOUTH DAKOTA,225000,101,22725000,0.54002200220022,12272000
1991,TENNESSEE,14000,38,532000,0.6898496240601504,367000
1991,TEXAS,140000,78,10920000,0.540018315018315,5897000
1991,UTAH,45000,34,1530000,0.550326797385621,842000
1991,VERMONT,6000,75,450000,0.8,360000
1991,VIRGINIA,16000,33,528000,0.7196969696969697,380000
1991,WASHINGTON,85000,42,3570000,0.5700280112044818,2035000
1991,WEST VIRGINIA,26000,24,624000,0.8701923076923077,543000
1991,WISCONSIN,110000,67,7370000,0.5599728629579376,4127000
1991,WYOMING,41000,52,2132000,0.550187617260788,1173000
1990,ALABAMA,29000,38,1102000,0.5499092558983666,606000
1990,ARIZONA,67000,48,3216000,0.4900497512437811,1576000
1990,ARKANSAS,42000,84,3528000,0.49007936507936506,1729000
1990,CALIFORNIA,480000,42,20160000,0.5399801587301587,10886000
1990,COLORADO,55000,64,3520000,0.6599431818181818,2323000
1990,CONNECTICUT,2000,52,104000,1.2980769230769231,135000
1990,DELAWARE,1000,11,11000,1.2727272727272727,14000
1990,FLORIDA,220000,95,20900000,0.48,10032000
1990,GEORGIA,111000,50,5550000,0.5900900900900901,3275000
1990,HAWAII,10000,157,1570000,0.47006369426751593,738000
1990,IDAHO,140000,40,5600000,0.48,2688000
1990,ILLINOIS,23000,40,920000,0.7304347826086957,672000
1990,INDIANA,22000,47,1034000,0.730174081237911,755000
1990,IOWA,70000,54,3780000,0.5298941798941799,2003000
1990,KANSAS,36000,67,2412000,0.5999170812603648,1447000
1990,KENTUCKY,8000,44,352000,0.9204545454545454,324000
1990,LOUISIANA,38000,89,3382000,0.5298639858072147,1792000
1990,MAINE,20000,24,480000,0.6395833333333333,307000
1990,MARYLAND,7000,19,133000,0.9022556390977443,120000
1990,MASSACHUSETTS,15000,13,195000,1.2923076923076924,252000
1990,MICHIGAN,100000,80,8000000,0.56,4480000
1990,MINNESOTA,170000,74,12580000,0.48998410174880763,6164000
1990,MISSISSIPPI,24000,62,1488000,0.5,744000
1990,MISSOURI,30000,63,1890000,0.5698412698412698,1077000
1990,MONTANA,98000,81,7938000,0.5400604686318972,4287000
1990,NEBRASKA,118000,56,6608000,0.49001210653753025,3238000
1990,NEVADA,17000,58,986000,0.7200811359026369,710000
1990,NEW HAMPSHIRE,1000,54,54000,0.8518518518518519,46000
1990,NEW JERSEY,15000,21,315000,0.9015873015873016,284000
1990,NEW MEXICO,29000,71,2059000,0.5298688683827101,1091000
1990,NEW YORK,81000,54,4374000,0.6499771376314586,2843000
1990,NORTH CAROLINA,20000,50,1000000,0.71,710000
1990,NORTH DAKOTA,220000,82,18040000,0.5200110864745011,9381000
1990,OHIO,42000,51,2142000,0.7899159663865546,1692000
1990,OKLAHOMA,9000,50,450000,0.78,351000
1990,OREGON,61000,42,2562000,0.5398126463700235,1383000
1990,PENNSYLVANIA,41000,28,1148000,0.6698606271777003,769000
1990,RHODE ISLAND,1000,31,31000,1.032258064516129,32000
1990,SOUTH CAROLINA,12000,41,492000,0.6890243902439024,339000
1990,SOUTH DAKOTA,245000,81,19845000,0.5000251952632905,9923000
1990,TENNESSEE,19000,33,627000,0.9904306220095693,621000
1990,TEXAS,140000,67,9380000,0.5899786780383796,5534000
1990,UTAH,47000,37,1739000,0.5600920069005175,974000
1990,VERMONT,6000,65,390000,0.8589743589743589,335000
1990,VIRGINIA,16000,34,544000,0.9503676470588235,517000
1990,WASHINGTON,80000,55,4400000,0.5,2200000
1990,WEST VIRGINIA,30000,30,900000,0.89,801000
1990,WISCONSIN,112000,75,8400000,0.57,4788000
1990,WYOMING,40000,57,2280000,0.5201754385964912,1186000
1989,ALABAMA,41000,20,820000,0.5402439024390244,443000
1989,ARIZONA,78000,45,3510000,0.5501424501424501,1931000
1989,ARKANSAS,34000,61,2074000,0.470106075216972,975000
1989,CALIFORNIA,620000,34,21080000,0.48999051233396584,10329000
1989,COLORADO,50000,66,3300000,0.54,1782000
1989,CONNECTICUT,2000,40,80000,1.05,84000
1989,DELAWARE,1000,10,10000,1.0,10000
1989,FLORIDA,250000,60,15000000,0.48,7200000
1989,GEORGIA,116000,27,3132000,0.5600255427841635,1754000
1989,HAWAII,9000,135,1215000,0.45020576131687245,547000
1989,IDAHO,140000,54,7560000,0.46005291005291005,3478000
1989,ILLINOIS,29000,38,1102000,0.7803992740471869,860000
1989,INDIANA,28000,35,980000,0.7204081632653061,706000
1989,IOWA,67000,90,6030000,0.4500829187396352,2714000
1989,KANSAS,37000,46,1702000,0.4800235017626322,817000
1989,KENTUCKY,12000,29,348000,1.0804597701149425,376000
1989,LOUISIANA,35000,85,2975000,0.46991596638655464,1398000
1989,MAINE,17000,24,408000,0.7696078431372549,314000
1989,MARYLAND,9000,16,144000,0.7708333333333334,111000
1989,MASSACHUSETTS,8000,23,184000,1.391304347826087,256000
1989,MICHIGAN,102000,70,7140000,0.5599439775910364,3998000
1989,MINNESOTA,165000,92,15180000,0.45,6831000
1989,MISSISSIPPI,24000,33,792000,0.4393939393939394,348000
1989,MISSOURI,33000,62,2046000,0.5601173020527859,1146000
1989,MONTANA,100000,63,6300000,0.47,2961000
1989,NEBRASKA,119000,62,7378000,0.4600162645703443,3394000
1989,NEVADA,15000,54,810000,0.5,405000
1989,NEW HAMPSHIRE,1000,35,35000,1.4285714285714286,50000
1989,NEW JERSEY,25000,23,575000,0.6904347826086956,397000
1989,NEW MEXICO,23000,50,1150000,0.54,621000
1989,NEW YORK,94000,59,5546000,0.5499459069599711,3050000
1989,NORTH CAROLINA,25000,38,950000,0.64,608000
1989,NORTH DAKOTA,310000,56,17360000,0.4699884792626728,8159000
1989,OHIO,53000,20,1060000,0.6698113207547169,710000
1989,OKLAHOMA,9000,65,585000,0.8700854700854701,509000
1989,OREGON,63000,39,2457000,0.5201465201465202,1278000
1989,PENNSYLVANIA,41000,39,1599000,0.6197623514696685,991000
1989,RHODE ISLAND,1000,39,39000,1.3846153846153846,54000
1989,SOUTH CAROLINA,15000,19,285000,0.6701754385964912,191000
1989,SOUTH DAKOTA,235000,49,11515000,0.46000868432479375,5297000
1989,TENNESSEE,25000,25,625000,0.7408,463000
1989,TEXAS,140000,56,7840000,0.4900510204081633,3842000
1989,UTAH,47000,44,2068000,0.5401353965183753,1117000
1989,VERMONT,6000,61,366000,0.7404371584699454,271000
1989,VIRGINIA,23000,20,460000,0.5391304347826087,248000
1989,WASHINGTON,70000,46,3220000,0.45,1449000
1989,WEST VIRGINIA,32000,44,1408000,0.7698863636363636,1084000
1989,WISCONSIN,108000,74,7992000,0.569944944944945,4555000
1989,WYOMING,41000,47,1927000,0.48988064348728594,944000
1988,ALABAMA,42000,42,1764000,0.6099773242630385,1076000
1988,ARIZONA,80000,49,3920000,0.4900510204081633,1921000
1988,ARKANSAS,34000,67,2278000,0.4499561018437226,1025000
1988,CALIFORNIA,600000,40,24000000,0.49,11760000
1988,COLORADO,48000,83,3984000,0.5499497991967871,2191000
1988,CONNECTICUT,2000,46,92000,0.9891304347826086,91000
1988,DELAWARE,1000,26,26000,0.7307692307692307,19000
1988,FLORIDA,240000,105,25200000,0.51,12852000
1988,GEORGIA,115000,41,4715000,0.5399787910922588,2546000
1988,HAWAII,9000,179,1611000,0.4301675977653631,693000
1988,IDAHO,127000,53,6731000,0.4299509731094934,2894000
1988,ILLINOIS,28000,69,1932000,0.7598343685300207,1468000
1988,INDIANA,29000,65,1885000,0.6901856763925729,1301000
1988,IOWA,49000,129,6321000,0.4700205663660813,2971000
1988,KANSAS,42000,69,2898000,0.45997239475500346,1333000
1988,KENTUCKY,12000,40,480000,1.0604166666666666,509000
1988,LOUISIANA,38000,90,3420000,0.4698830409356725,1607000
1988,MAINE,14000,26,364000,0.7197802197802198,262000
1988,MARYLAND,7000,25,175000,0.7714285714285715,135000
1988,MASSACHUSETTS,15000,18,270000,0.9703703703703703,262000
1988,MICHIGAN,95000,73,6935000,0.5300648882480173,3676000
1988,MINNESOTA,160000,129,20640000,0.42999031007751937,8875000
1988,MISSISSIPPI,21000,66,1386000,0.4898989898989899,679000
1988,MISSOURI,30000,80,2400000,0.61,1464000
1988,MONTANA,105000,48,5040000,0.47003968253968254,2369000
1988,NEBRASKA,113000,96,10848000,0.45003687315634217,4882000
1988,NEVADA,9000,30,270000,0.4703703703703704,127000
1988,NEW HAMPSHIRE,1000,34,34000,0.9705882352941176,33000
1988,NEW JERSEY,30000,31,930000,0.8397849462365592,781000
1988,NEW MEXICO,21000,57,1197000,0.5697577276524645,682000
1988,NEW YORK,94000,59,5546000,0.6999639379733141,3882000
1988,NORTH CAROLINA,21000,46,966000,0.7298136645962733,705000
1988,NORTH DAKOTA,250000,66,16500000,0.43,7095000
1988,OHIO,50000,48,2400000,0.65,1560000
1988,OKLAHOMA,10000,55,550000,0.730909090909091,402000
1988,OREGON,60000,52,3120000,0.5,1560000
1988,PENNSYLVANIA,45000,46,2070000,0.6700483091787439,1387000
1988,RHODE ISLAND,1000,39,39000,1.1794871794871795,46000
1988,SOUTH CAROLINA,14000,40,560000,0.6107142857142858,342000
1988,SOUTH DAKOTA,245000,74,18130000,0.46001103143960287,8340000
1988,TENNESSEE,35000,40,1400000,0.75,1050000
1988,TEXAS,124000,76,9424000,0.45999575551782684,4335000
1988,UTAH,36000,41,1476000,0.6097560975609756,900000
1988,VERMONT,7000,51,357000,0.8487394957983193,303000
1988,VIRGINIA,25000,56,1400000,0.4,560000
1988,WASHINGTON,65000,47,3055000,0.45990180032733224,1405000
1988,WEST VIRGINIA,30000,35,1050000,0.7504761904761905,788000
1988,WISCONSIN,102000,99,10098000,0.5400079223608636,5453000
1988,WYOMING,39000,71,2769000,0.5200433369447454,1440000
1987,ALABAMA,46000,35,1610000,0.5298136645962733,853000
1987,ARIZONA,80000,47,3760000,0.5199468085106383,1955000
1987,ARKANSAS,29000,69,2001000,0.4397801099450275,880000
1987,CALIFORNIA,540000,33,17820000,0.49001122334455666,8732000
1987,COLORADO,44000,73,3212000,0.6799501867995019,2184000
1987,CONNECTICUT,2000,34,68000,1.1764705882352942,80000
1987,DELAWARE,1000,29,29000,0.9310344827586207,27000
1987,FLORIDA,240000,79,18960000,0.4899789029535865,9290000
1987,GEORGIA,120000,38,4560000,0.5399122807017543,2462000
1987,HAWAII,9000,190,1710000,0.439766081871345,752000
1987,IDAHO,120000,60,7200000,0.54,3888000
1987,ILLINOIS,28000,75,2100000,0.82,1722000
1987,INDIANA,25000,58,1450000,0.58,841000
1987,IOWA,44000,103,4532000,0.5399382171226832,2447000
1987,KANSAS,46000,51,2346000,0.5801364023870418,1361000
1987,KENTUCKY,14000,25,350000,0.96,336000
1987,LOUISIANA,35000,75,2625000,0.4700952380952381,1234000
1987,MAINE,9000,46,414000,0.6811594202898551,282000
1987,MARYLAND,7000,35,245000,0.6204081632653061,152000
1987,MASSACHUSETTS,11000,15,165000,0.6121212121212121,101000
1987,MICHIGAN,93000,68,6324000,0.530044275774826,3352000
1987,MINNESOTA,160000,108,17280000,0.46001157407407406,7949000
1987,MISSISSIPPI,19000,60,1140000,0.4201754385964912,479000
1987,MISSOURI,30000,65,1950000,0.48,936000
1987,MONTANA,95000,102,9690000,0.44004127966976264,4264000
1987,NEBRASKA,110000,90,9900000,0.44,4356000
1987,NEVADA,11000,30,330000,0.7909090909090909,261000
1987,NEW HAMPSHIRE,1000,32,32000,0.9375,30000
1987,NEW JERSEY,25000,34,850000,0.5105882352941177,434000
1987,NEW MEXICO,19000,50,950000,0.5905263157894737,561000
1987,NEW YORK,90000,44,3960000,0.6601010101010101,2614000
1987,NORTH CAROLINA,20000,48,960000,0.8,768000
1987,NORTH DAKOTA,300000,110,33000000,0.45,14850000
1987,OHIO,55000,50,2750000,0.6701818181818182,1843000
1987,OKLAHOMA,10000,70,700000,0.67,469000
1987,OREGON,55000,42,2310000,0.5199134199134199,1201000
1987,PENNSYLVANIA,48000,39,1872000,0.6800213675213675,1273000
1987,RHODE ISLAND,1000,32,32000,1.375,44000
1987,SOUTH CAROLINA,15000,34,510000,0.6392156862745098,326000
1987,SOUTH DAKOTA,260000,134,34840000,0.4599885189437428,16026000
1987,TENNESSEE,35000,55,1925000,0.9002597402597402,1733000
1987,TEXAS,120000,74,8880000,0.5,4440000
1987,UTAH,35000,48,1680000,0.5398809523809524,907000
1987,VERMONT,7000,46,322000,0.9006211180124224,290000
1987,VIRGINIA,25000,48,1200000,0.48,576000
1987,WASHINGTON,75000,55,4125000,0.44,1815000
1987,WEST VIRGINIA,21000,41,861000,0.8199767711962834,706000
1987,WISCONSIN,92000,97,8924000,0.48005378753922007,4284000
1987,WYOMING,39000,74,2886000,0.5301455301455301,1530000
